token_idx,layer_id,expert_id,source
1,0,236,GPU
1,0,43,GPU
1,0,200,GPU
1,0,106,GPU
1,0,185,GPU
1,0,238,GPU
1,0,233,GPU
1,0,131,GPU
1,1,19,GPU
1,1,242,GPU
1,1,224,GPU
1,1,86,GPU
1,1,124,GPU
1,1,128,GPU
1,1,211,GPU
1,1,118,GPU
1,2,49,GPU
1,2,11,GPU
1,2,217,GPU
1,2,60,GPU
1,2,188,GPU
1,2,133,GPU
1,2,58,GPU
1,2,179,GPU
1,3,202,GPU
1,3,214,GPU
1,3,39,GPU
1,3,171,GPU
1,3,117,GPU
1,3,246,GPU
1,3,219,GPU
1,3,199,GPU
1,4,154,GPU
1,4,88,GPU
1,4,58,GPU
1,4,139,GPU
1,4,98,GPU
1,4,54,GPU
1,4,8,GPU
1,4,118,GPU
1,5,158,GPU
1,5,147,GPU
1,5,27,GPU
1,5,44,GPU
1,5,114,GPU
1,5,205,GPU
1,5,153,GPU
1,5,88,GPU
1,6,138,GPU
1,6,143,GPU
1,6,68,GPU
1,6,65,GPU
1,6,79,GPU
1,6,183,GPU
1,6,196,GPU
1,6,36,GPU
1,7,181,GPU
1,7,14,GPU
1,7,35,GPU
1,7,147,GPU
1,7,184,GPU
1,7,76,GPU
1,7,191,GPU
1,7,199,GPU
1,8,56,GPU
1,8,180,GPU
1,8,116,GPU
1,8,173,GPU
1,8,112,GPU
1,8,61,GPU
1,8,52,GPU
1,8,224,GPU
1,9,178,GPU
1,9,197,GPU
1,9,156,GPU
1,9,2,GPU
1,9,59,GPU
1,9,151,GPU
1,9,19,GPU
1,9,93,GPU
1,10,196,GPU
1,10,142,GPU
1,10,171,GPU
1,10,157,GPU
1,10,91,GPU
1,10,185,GPU
1,10,247,GPU
1,10,234,GPU
1,11,27,GPU
1,11,69,GPU
1,11,107,GPU
1,11,108,GPU
1,11,160,GPU
1,11,247,GPU
1,11,111,GPU
1,11,128,GPU
1,12,43,GPU
1,12,1,GPU
1,12,128,GPU
1,12,191,GPU
1,12,220,GPU
1,12,193,GPU
1,12,15,GPU
1,12,39,GPU
1,13,154,GPU
1,13,134,GPU
1,13,182,GPU
1,13,28,GPU
1,13,160,GPU
1,13,113,GPU
1,13,202,GPU
1,13,138,GPU
1,14,52,GPU
1,14,167,GPU
1,14,51,GPU
1,14,137,GPU
1,14,106,GPU
1,14,131,GPU
1,14,64,GPU
1,14,252,GPU
1,15,99,GPU
1,15,165,GPU
1,15,162,GPU
1,15,4,GPU
1,15,242,GPU
1,15,87,GPU
1,15,58,GPU
1,15,110,GPU
1,16,170,GPU
1,16,229,GPU
1,16,205,GPU
1,16,32,GPU
1,16,51,GPU
1,16,28,GPU
1,16,80,GPU
1,16,252,GPU
1,17,15,GPU
1,17,87,GPU
1,17,35,GPU
1,17,248,GPU
1,17,60,GPU
1,17,0,GPU
1,17,166,GPU
1,17,64,GPU
1,18,13,GPU
1,18,158,GPU
1,18,159,GPU
1,18,220,GPU
1,18,155,GPU
1,18,192,GPU
1,18,174,GPU
1,18,161,GPU
1,19,4,GPU
1,19,195,GPU
1,19,109,GPU
1,19,228,GPU
1,19,20,GPU
1,19,30,GPU
1,19,39,GPU
1,19,252,GPU
1,20,56,GPU
1,20,116,GPU
1,20,115,GPU
1,20,224,GPU
1,20,112,GPU
1,20,239,GPU
1,20,184,GPU
1,20,246,GPU
1,21,197,GPU
1,21,178,GPU
1,21,151,GPU
1,21,47,GPU
1,21,2,GPU
1,21,0,GPU
1,21,217,GPU
1,21,95,GPU
1,22,196,GPU
1,22,142,GPU
1,22,171,GPU
1,22,234,GPU
1,22,243,GPU
1,22,157,GPU
1,22,65,GPU
1,22,176,GPU
1,23,107,GPU
1,23,27,GPU
1,23,69,GPU
1,23,111,GPU
1,23,195,GPU
1,23,128,GPU
1,23,3,GPU
1,23,247,GPU
1,24,1,GPU
1,24,43,GPU
1,24,191,GPU
1,24,15,GPU
1,24,221,GPU
1,24,192,GPU
1,24,151,GPU
1,24,220,GPU
1,25,134,GPU
1,25,113,GPU
1,25,32,GPU
1,25,182,GPU
1,25,66,GPU
1,25,28,GPU
1,25,89,GPU
1,25,202,GPU
1,26,137,GPU
1,26,52,GPU
1,26,131,GPU
1,26,167,GPU
1,26,51,GPU
1,26,242,GPU
1,26,105,GPU
1,26,88,GPU
1,27,99,GPU
1,27,155,GPU
1,27,110,GPU
1,27,162,GPU
1,27,165,GPU
1,27,54,GPU
1,27,181,GPU
1,27,100,GPU
1,28,26,GPU
1,28,170,GPU
1,28,54,GPU
1,28,136,GPU
1,28,80,GPU
1,28,46,GPU
1,28,95,GPU
1,28,119,GPU
1,29,188,GPU
1,29,248,GPU
1,29,139,GPU
1,29,166,GPU
1,29,229,GPU
1,29,60,GPU
1,29,187,GPU
1,29,17,GPU
1,30,13,GPU
1,30,158,GPU
1,30,159,GPU
1,30,71,GPU
1,30,220,GPU
1,30,174,GPU
1,30,177,GPU
1,30,163,GPU
1,31,228,GPU
1,31,221,GPU
1,31,199,GPU
1,31,75,GPU
1,31,30,GPU
1,31,96,GPU
1,31,91,GPU
1,31,229,GPU
1,32,42,GPU
1,32,89,GPU
1,32,185,GPU
1,32,192,GPU
1,32,17,GPU
1,32,21,GPU
1,32,178,GPU
1,32,107,GPU
1,33,105,GPU
1,33,244,GPU
1,33,127,GPU
1,33,107,GPU
1,33,49,GPU
1,33,58,GPU
1,33,214,GPU
1,33,16,GPU
1,34,45,GPU
1,34,12,GPU
1,34,21,GPU
1,34,252,GPU
1,34,56,GPU
1,34,63,GPU
1,34,81,GPU
1,34,58,GPU
1,35,132,GPU
1,35,22,GPU
1,35,218,GPU
1,35,61,GPU
1,35,35,GPU
1,35,212,GPU
1,35,112,GPU
1,35,135,GPU
1,36,253,GPU
1,36,246,GPU
1,36,152,GPU
1,36,211,GPU
1,36,248,GPU
1,36,202,GPU
1,36,28,GPU
1,36,117,GPU
1,37,158,GPU
1,37,67,GPU
1,37,143,GPU
1,37,161,GPU
1,37,135,GPU
1,37,145,GPU
1,37,174,GPU
1,37,60,GPU
1,38,9,GPU
1,38,101,GPU
1,38,30,GPU
1,38,234,GPU
1,38,136,GPU
1,38,43,GPU
1,38,254,GPU
1,38,166,GPU
1,39,246,GPU
1,39,250,GPU
1,39,1,GPU
1,39,248,GPU
1,39,92,GPU
1,39,203,GPU
1,39,201,GPU
1,39,15,GPU
2,0,210,GPU
2,0,144,GPU
2,0,186,GPU
2,0,92,GPU
2,0,155,GPU
2,0,234,GPU
2,0,172,GPU
2,0,84,GPU
2,1,217,GPU
2,1,95,GPU
2,1,195,GPU
2,1,182,GPU
2,1,198,GPU
2,1,255,GPU
2,1,211,GPU
2,1,118,GPU
2,2,159,GPU
2,2,92,GPU
2,2,13,GPU
2,2,49,GPU
2,2,150,GPU
2,2,58,GPU
2,2,253,GPU
2,2,158,GPU
2,3,42,GPU
2,3,177,GPU
2,3,202,GPU
2,3,39,GPU
2,3,159,GPU
2,3,199,GPU
2,3,155,GPU
2,3,156,GPU
2,4,154,GPU
2,4,94,GPU
2,4,98,GPU
2,4,58,GPU
2,4,160,GPU
2,4,192,GPU
2,4,88,GPU
2,4,133,GPU
2,5,147,GPU
2,5,165,GPU
2,5,2,GPU
2,5,144,GPU
2,5,158,GPU
2,5,52,GPU
2,5,120,GPU
2,5,62,GPU
2,6,154,GPU
2,6,79,GPU
2,6,183,GPU
2,6,171,GPU
2,6,55,GPU
2,6,59,GPU
2,6,196,GPU
2,6,92,GPU
2,7,181,GPU
2,7,76,GPU
2,7,35,GPU
2,7,79,GPU
2,7,147,GPU
2,7,199,GPU
2,7,14,GPU
2,7,171,GPU
2,8,56,GPU
2,8,159,GPU
2,8,220,GPU
2,8,224,GPU
2,8,61,GPU
2,8,180,GPU
2,8,52,GPU
2,8,77,GPU
2,9,197,GPU
2,9,47,GPU
2,9,198,GPU
2,9,8,GPU
2,9,120,GPU
2,9,161,GPU
2,9,156,GPU
2,9,59,GPU
2,10,142,GPU
2,10,196,GPU
2,10,171,GPU
2,10,9,GPU
2,10,234,GPU
2,10,91,GPU
2,10,165,GPU
2,10,207,GPU
2,11,3,GPU
2,11,153,GPU
2,11,107,GPU
2,11,69,GPU
2,11,145,GPU
2,11,255,GPU
2,11,147,GPU
2,11,111,GPU
2,12,39,GPU
2,12,208,GPU
2,12,169,GPU
2,12,1,GPU
2,12,155,GPU
2,12,194,GPU
2,12,191,GPU
2,12,193,GPU
2,13,154,GPU
2,13,113,GPU
2,13,13,GPU
2,13,219,GPU
2,13,138,GPU
2,13,66,GPU
2,13,28,GPU
2,13,160,GPU
2,14,52,GPU
2,14,167,GPU
2,14,51,GPU
2,14,137,GPU
2,14,131,GPU
2,14,106,GPU
2,14,64,GPU
2,14,159,GPU
2,15,248,GPU
2,15,4,GPU
2,15,165,GPU
2,15,242,GPU
2,15,162,GPU
2,15,213,GPU
2,15,150,GPU
2,15,54,GPU
2,16,170,GPU
2,16,80,GPU
2,16,54,GPU
2,16,46,GPU
2,16,205,GPU
2,16,51,GPU
2,16,32,GPU
2,16,252,GPU
2,17,236,GPU
2,17,15,GPU
2,17,35,GPU
2,17,188,GPU
2,17,242,GPU
2,17,115,GPU
2,17,78,GPU
2,17,88,GPU
2,18,158,GPU
2,18,192,GPU
2,18,13,GPU
2,18,69,GPU
2,18,251,GPU
2,18,174,GPU
2,18,226,GPU
2,18,177,GPU
2,19,228,GPU
2,19,51,GPU
2,19,30,GPU
2,19,39,GPU
2,19,229,GPU
2,19,14,GPU
2,19,4,GPU
2,19,75,GPU
2,20,159,GPU
2,20,220,GPU
2,20,115,GPU
2,20,56,GPU
2,20,224,GPU
2,20,116,GPU
2,20,107,GPU
2,20,103,GPU
2,21,197,GPU
2,21,47,GPU
2,21,151,GPU
2,21,198,GPU
2,21,5,GPU
2,21,120,GPU
2,21,212,GPU
2,21,63,GPU
2,22,142,GPU
2,22,196,GPU
2,22,9,GPU
2,22,234,GPU
2,22,171,GPU
2,22,0,GPU
2,22,187,GPU
2,22,114,GPU
2,23,107,GPU
2,23,69,GPU
2,23,3,GPU
2,23,153,GPU
2,23,145,GPU
2,23,66,GPU
2,23,111,GPU
2,23,27,GPU
2,24,106,GPU
2,24,191,GPU
2,24,1,GPU
2,24,155,GPU
2,24,39,GPU
2,24,206,GPU
2,24,139,GPU
2,24,153,GPU
2,25,113,GPU
2,25,13,GPU
2,25,28,GPU
2,25,199,GPU
2,25,200,GPU
2,25,202,GPU
2,25,66,GPU
2,25,32,GPU
2,26,52,GPU
2,26,137,GPU
2,26,167,GPU
2,26,83,GPU
2,26,131,GPU
2,26,67,GPU
2,26,54,GPU
2,26,138,GPU
2,27,233,GPU
2,27,248,GPU
2,27,100,GPU
2,27,110,GPU
2,27,155,GPU
2,27,213,GPU
2,27,54,GPU
2,27,71,GPU
2,28,54,GPU
2,28,26,GPU
2,28,170,GPU
2,28,230,GPU
2,28,80,GPU
2,28,136,GPU
2,28,46,GPU
2,28,31,GPU
2,29,188,GPU
2,29,236,GPU
2,29,248,GPU
2,29,166,GPU
2,29,242,GPU
2,29,187,GPU
2,29,139,GPU
2,29,60,GPU
2,30,13,GPU
2,30,158,GPU
2,30,69,GPU
2,30,192,GPU
2,30,106,GPU
2,30,220,GPU
2,30,190,GPU
2,30,165,GPU
2,31,51,GPU
2,31,229,GPU
2,31,233,GPU
2,31,71,GPU
2,31,14,GPU
2,31,137,GPU
2,31,30,GPU
2,31,226,GPU
2,32,146,GPU
2,32,195,GPU
2,32,194,GPU
2,32,86,GPU
2,32,178,GPU
2,32,199,GPU
2,32,50,GPU
2,32,148,GPU
2,33,75,GPU
2,33,49,GPU
2,33,97,GPU
2,33,37,GPU
2,33,94,GPU
2,33,6,GPU
2,33,81,GPU
2,33,189,GPU
2,34,212,GPU
2,34,255,GPU
2,34,45,GPU
2,34,187,GPU
2,34,19,GPU
2,34,21,GPU
2,34,169,GPU
2,34,54,GPU
2,35,49,GPU
2,35,212,GPU
2,35,22,GPU
2,35,156,GPU
2,35,165,GPU
2,35,35,GPU
2,35,89,GPU
2,35,167,GPU
2,36,234,GPU
2,36,158,GPU
2,36,0,GPU
2,36,8,GPU
2,36,172,GPU
2,36,98,GPU
2,36,28,GPU
2,36,131,GPU
2,37,145,GPU
2,37,64,GPU
2,37,220,GPU
2,37,84,GPU
2,37,93,GPU
2,37,11,GPU
2,37,34,GPU
2,37,4,GPU
2,38,94,GPU
2,38,139,GPU
2,38,248,GPU
2,38,196,GPU
2,38,59,GPU
2,38,22,GPU
2,38,35,GPU
2,38,84,GPU
2,39,241,GPU
2,39,23,GPU
2,39,68,GPU
2,39,16,GPU
2,39,89,GPU
2,39,146,GPU
2,39,165,GPU
2,39,36,GPU
3,0,93,GPU
3,0,233,GPU
3,0,40,GPU
3,0,250,GPU
3,0,127,GPU
3,0,210,GPU
3,0,147,GPU
3,0,136,GPU
3,1,16,GPU
3,1,40,GPU
3,1,183,GPU
3,1,234,GPU
3,1,81,GPU
3,1,96,GPU
3,1,222,GPU
3,1,98,GPU
3,2,253,GPU
3,2,39,GPU
3,2,120,GPU
3,2,84,GPU
3,2,106,GPU
3,2,158,GPU
3,2,80,GPU
3,2,10,GPU
3,3,188,GPU
3,3,216,GPU
3,3,236,GPU
3,3,17,GPU
3,3,228,GPU
3,3,255,GPU
3,3,202,GPU
3,3,150,GPU
3,4,154,GPU
3,4,119,GPU
3,4,122,GPU
3,4,58,GPU
3,4,172,GPU
3,4,98,GPU
3,4,160,GPU
3,4,123,GPU
3,5,61,GPU
3,5,250,GPU
3,5,31,GPU
3,5,151,GPU
3,5,158,GPU
3,5,153,GPU
3,5,2,GPU
3,5,120,GPU
3,6,49,GPU
3,6,79,GPU
3,6,154,GPU
3,6,196,GPU
3,6,171,GPU
3,6,230,GPU
3,6,157,GPU
3,6,156,GPU
3,7,199,GPU
3,7,76,GPU
3,7,147,GPU
3,7,195,GPU
3,7,35,GPU
3,7,204,GPU
3,7,79,GPU
3,7,36,GPU
3,8,56,GPU
3,8,107,GPU
3,8,159,GPU
3,8,55,GPU
3,8,182,GPU
3,8,52,GPU
3,8,46,GPU
3,8,224,GPU
3,9,217,GPU
3,9,108,GPU
3,9,44,GPU
3,9,61,GPU
3,9,120,GPU
3,9,207,GPU
3,9,197,GPU
3,9,125,GPU
3,10,62,GPU
3,10,171,GPU
3,10,63,GPU
3,10,234,GPU
3,10,205,GPU
3,10,8,GPU
3,10,196,GPU
3,10,142,GPU
3,11,111,GPU
3,11,107,GPU
3,11,145,GPU
3,11,3,GPU
3,11,69,GPU
3,11,56,GPU
3,11,194,GPU
3,11,204,GPU
3,12,208,GPU
3,12,139,GPU
3,12,150,GPU
3,12,42,GPU
3,12,3,GPU
3,12,66,GPU
3,12,39,GPU
3,12,43,GPU
3,13,13,GPU
3,13,199,GPU
3,13,219,GPU
3,13,40,GPU
3,13,174,GPU
3,13,213,GPU
3,13,228,GPU
3,13,28,GPU
3,14,52,GPU
3,14,138,GPU
3,14,252,GPU
3,14,67,GPU
3,14,167,GPU
3,14,58,GPU
3,14,137,GPU
3,14,111,GPU
3,15,233,GPU
3,15,206,GPU
3,15,194,GPU
3,15,100,GPU
3,15,230,GPU
3,15,85,GPU
3,15,142,GPU
3,15,151,GPU
3,16,170,GPU
3,16,51,GPU
3,16,130,GPU
3,16,169,GPU
3,16,205,GPU
3,16,214,GPU
3,16,31,GPU
3,16,54,GPU
3,17,115,GPU
3,17,60,GPU
3,17,35,GPU
3,17,199,GPU
3,17,236,GPU
3,17,204,GPU
3,17,88,GPU
3,17,64,GPU
3,18,192,GPU
3,18,13,GPU
3,18,205,GPU
3,18,226,GPU
3,18,17,GPU
3,18,117,GPU
3,18,158,GPU
3,18,212,GPU
3,19,137,GPU
3,19,4,GPU
3,19,35,GPU
3,19,197,GPU
3,19,75,GPU
3,19,33,GPU
3,19,14,GPU
3,19,59,GPU
3,20,224,GPU
3,20,41,GPU
3,20,107,GPU
3,20,151,GPU
3,20,56,GPU
3,20,102,GPU
3,20,171,GPU
3,20,75,GPU
3,21,166,GPU
3,21,61,GPU
3,21,217,GPU
3,21,207,GPU
3,21,134,GPU
3,21,243,GPU
3,21,103,GPU
3,21,197,GPU
3,22,205,GPU
3,22,232,GPU
3,22,63,GPU
3,22,116,GPU
3,22,234,GPU
3,22,122,GPU
3,22,194,GPU
3,22,196,GPU
3,23,107,GPU
3,23,111,GPU
3,23,145,GPU
3,23,66,GPU
3,23,204,GPU
3,23,56,GPU
3,23,69,GPU
3,23,134,GPU
3,24,106,GPU
3,24,1,GPU
3,24,39,GPU
3,24,221,GPU
3,24,139,GPU
3,24,206,GPU
3,24,42,GPU
3,24,214,GPU
3,25,13,GPU
3,25,199,GPU
3,25,200,GPU
3,25,137,GPU
3,25,28,GPU
3,25,174,GPU
3,25,202,GPU
3,25,228,GPU
3,26,67,GPU
3,26,138,GPU
3,26,52,GPU
3,26,252,GPU
3,26,137,GPU
3,26,83,GPU
3,26,146,GPU
3,26,71,GPU
3,27,233,GPU
3,27,241,GPU
3,27,85,GPU
3,27,80,GPU
3,27,100,GPU
3,27,155,GPU
3,27,230,GPU
3,27,213,GPU
3,28,54,GPU
3,28,149,GPU
3,28,243,GPU
3,28,130,GPU
3,28,31,GPU
3,28,165,GPU
3,28,185,GPU
3,28,45,GPU
3,29,236,GPU
3,29,188,GPU
3,29,115,GPU
3,29,60,GPU
3,29,220,GPU
3,29,28,GPU
3,29,102,GPU
3,29,89,GPU
3,30,13,GPU
3,30,192,GPU
3,30,220,GPU
3,30,158,GPU
3,30,106,GPU
3,30,165,GPU
3,30,17,GPU
3,30,240,GPU
3,31,229,GPU
3,31,137,GPU
3,31,67,GPU
3,31,233,GPU
3,31,14,GPU
3,31,196,GPU
3,31,71,GPU
3,31,33,GPU
3,32,96,GPU
3,32,75,GPU
3,32,18,GPU
3,32,199,GPU
3,32,116,GPU
3,32,42,GPU
3,32,186,GPU
3,32,151,GPU
3,33,49,GPU
3,33,11,GPU
3,33,81,GPU
3,33,253,GPU
3,33,182,GPU
3,33,94,GPU
3,33,136,GPU
3,33,58,GPU
3,34,196,GPU
3,34,205,GPU
3,34,19,GPU
3,34,180,GPU
3,34,101,GPU
3,34,54,GPU
3,34,130,GPU
3,34,181,GPU
3,35,132,GPU
3,35,153,GPU
3,35,253,GPU
3,35,165,GPU
3,35,104,GPU
3,35,14,GPU
3,35,167,GPU
3,35,12,GPU
3,36,158,GPU
3,36,8,GPU
3,36,0,GPU
3,36,155,GPU
3,36,177,GPU
3,36,118,GPU
3,36,131,GPU
3,36,28,GPU
3,37,229,GPU
3,37,64,GPU
3,37,89,GPU
3,37,11,GPU
3,37,4,GPU
3,37,75,GPU
3,37,93,GPU
3,37,21,GPU
3,38,22,GPU
3,38,94,GPU
3,38,127,GPU
3,38,59,GPU
3,38,209,GPU
3,38,205,GPU
3,38,255,GPU
3,38,128,GPU
3,39,145,GPU
3,39,16,GPU
3,39,34,GPU
3,39,89,GPU
3,39,9,GPU
3,39,116,GPU
3,39,30,GPU
3,39,62,GPU
4,0,222,GPU
4,0,208,GPU
4,0,81,GPU
4,0,20,GPU
4,0,28,GPU
4,0,151,GPU
4,0,47,GPU
4,0,217,GPU
4,1,75,GPU
4,1,59,GPU
4,1,153,GPU
4,1,64,GPU
4,1,11,GPU
4,1,114,GPU
4,1,83,GPU
4,1,132,GPU
4,2,216,GPU
4,2,42,GPU
4,2,158,GPU
4,2,193,GPU
4,2,3,GPU
4,2,58,GPU
4,2,71,GPU
4,2,254,GPU
4,3,243,GPU
4,3,36,GPU
4,3,16,GPU
4,3,163,GPU
4,3,228,GPU
4,3,251,GPU
4,3,56,GPU
4,3,159,GPU
4,4,175,GPU
4,4,121,GPU
4,4,233,GPU
4,4,162,GPU
4,4,8,GPU
4,4,206,GPU
4,4,178,GPU
4,4,207,GPU
4,5,77,GPU
4,5,52,GPU
4,5,64,GPU
4,5,60,GPU
4,5,91,GPU
4,5,45,GPU
4,5,242,GPU
4,5,139,GPU
4,6,201,GPU
4,6,220,GPU
4,6,171,GPU
4,6,102,GPU
4,6,57,GPU
4,6,195,GPU
4,6,50,GPU
4,6,152,GPU
4,7,199,GPU
4,7,212,GPU
4,7,223,GPU
4,7,96,GPU
4,7,38,GPU
4,7,182,GPU
4,7,6,GPU
4,7,132,GPU
4,8,63,GPU
4,8,224,GPU
4,8,41,GPU
4,8,151,GPU
4,8,55,GPU
4,8,182,GPU
4,8,6,GPU
4,8,123,GPU
4,9,166,GPU
4,9,134,GPU
4,9,44,GPU
4,9,243,GPU
4,9,61,GPU
4,9,32,GPU
4,9,95,GPU
4,9,250,GPU
4,10,146,GPU
4,10,205,GPU
4,10,116,GPU
4,10,19,GPU
4,10,26,GPU
4,10,20,GPU
4,10,242,GPU
4,10,70,GPU
4,11,237,GPU
4,11,141,GPU
4,11,204,GPU
4,11,10,GPU
4,11,37,GPU
4,11,197,GPU
4,11,56,GPU
4,11,146,GPU
4,12,50,GPU
4,12,208,GPU
4,12,2,GPU
4,12,42,GPU
4,12,150,GPU
4,12,9,GPU
4,12,23,GPU
4,12,116,GPU
4,13,174,GPU
4,13,185,GPU
4,13,13,GPU
4,13,228,GPU
4,13,155,GPU
4,13,47,GPU
4,13,0,GPU
4,13,40,GPU
4,14,138,GPU
4,14,252,GPU
4,14,189,GPU
4,14,44,GPU
4,14,17,GPU
4,14,67,GPU
4,14,58,GPU
4,14,220,GPU
4,15,18,GPU
4,15,206,GPU
4,15,100,GPU
4,15,155,GPU
4,15,112,GPU
4,15,80,GPU
4,15,245,GPU
4,15,122,GPU
4,16,234,GPU
4,16,59,GPU
4,16,169,GPU
4,16,129,GPU
4,16,130,GPU
4,16,67,GPU
4,16,102,GPU
4,16,53,GPU
4,17,60,GPU
4,17,220,GPU
4,17,204,GPU
4,17,4,GPU
4,17,126,GPU
4,17,164,GPU
4,17,69,GPU
4,17,199,GPU
4,18,117,GPU
4,18,116,GPU
4,18,209,GPU
4,18,13,GPU
4,18,17,GPU
4,18,229,GPU
4,18,191,GPU
4,18,48,GPU
4,19,137,GPU
4,19,48,GPU
4,19,35,GPU
4,19,248,GPU
4,19,124,GPU
4,19,47,GPU
4,19,197,GPU
4,19,14,GPU
4,20,224,GPU
4,20,41,GPU
4,20,151,GPU
4,20,56,GPU
4,20,172,GPU
4,20,1,GPU
4,20,165,GPU
4,20,66,GPU
4,21,166,GPU
4,21,61,GPU
4,21,243,GPU
4,21,32,GPU
4,21,251,GPU
4,21,95,GPU
4,21,103,GPU
4,21,207,GPU
4,22,116,GPU
4,22,205,GPU
4,22,19,GPU
4,22,20,GPU
4,22,146,GPU
4,22,122,GPU
4,22,194,GPU
4,22,119,GPU
4,23,141,GPU
4,23,107,GPU
4,23,134,GPU
4,23,71,GPU
4,23,56,GPU
4,23,70,GPU
4,23,37,GPU
4,23,146,GPU
4,24,50,GPU
4,24,9,GPU
4,24,1,GPU
4,24,2,GPU
4,24,11,GPU
4,24,42,GPU
4,24,20,GPU
4,24,97,GPU
4,25,13,GPU
4,25,0,GPU
4,25,174,GPU
4,25,126,GPU
4,25,137,GPU
4,25,219,GPU
4,25,228,GPU
4,25,202,GPU
4,26,138,GPU
4,26,67,GPU
4,26,252,GPU
4,26,196,GPU
4,26,78,GPU
4,26,17,GPU
4,26,183,GPU
4,26,213,GPU
4,27,12,GPU
4,27,206,GPU
4,27,155,GPU
4,27,35,GPU
4,27,33,GPU
4,27,80,GPU
4,27,26,GPU
4,27,245,GPU
4,28,59,GPU
4,28,102,GPU
4,28,234,GPU
4,28,130,GPU
4,28,53,GPU
4,28,114,GPU
4,28,224,GPU
4,28,243,GPU
4,29,164,GPU
4,29,60,GPU
4,29,21,GPU
4,29,69,GPU
4,29,220,GPU
4,29,170,GPU
4,29,214,GPU
4,29,115,GPU
4,30,116,GPU
4,30,220,GPU
4,30,117,GPU
4,30,158,GPU
4,30,13,GPU
4,30,192,GPU
4,30,90,GPU
4,30,63,GPU
4,31,137,GPU
4,31,229,GPU
4,31,47,GPU
4,31,14,GPU
4,31,33,GPU
4,31,247,GPU
4,31,252,GPU
4,31,248,GPU
4,32,123,GPU
4,32,18,GPU
4,32,120,GPU
4,32,254,GPU
4,32,148,GPU
4,32,48,GPU
4,32,22,GPU
4,32,109,GPU
4,33,181,GPU
4,33,234,GPU
4,33,49,GPU
4,33,253,GPU
4,33,107,GPU
4,33,81,GPU
4,33,136,GPU
4,33,224,GPU
4,34,175,GPU
4,34,166,GPU
4,34,240,GPU
4,34,48,GPU
4,34,64,GPU
4,34,45,GPU
4,34,5,GPU
4,34,95,GPU
4,35,85,GPU
4,35,94,GPU
4,35,2,GPU
4,35,167,GPU
4,35,5,GPU
4,35,114,GPU
4,35,89,GPU
4,35,35,GPU
4,36,158,GPU
4,36,246,GPU
4,36,142,GPU
4,36,67,GPU
4,36,195,GPU
4,36,152,GPU
4,36,202,GPU
4,36,131,GPU
4,37,43,GPU
4,37,60,GPU
4,37,161,GPU
4,37,64,GPU
4,37,135,GPU
4,37,20,GPU
4,37,233,GPU
4,37,207,GPU
4,38,201,GPU
4,38,234,GPU
4,38,30,GPU
4,38,163,GPU
4,38,255,GPU
4,38,209,GPU
4,38,254,GPU
4,38,9,GPU
4,39,246,GPU
4,39,1,GPU
4,39,250,GPU
4,39,248,GPU
4,39,92,GPU
4,39,215,GPU
4,39,22,GPU
4,39,140,GPU
5,0,234,GPU
5,0,92,GPU
5,0,144,GPU
5,0,76,GPU
5,0,188,GPU
5,0,186,GPU
5,0,124,GPU
5,0,172,GPU
5,1,123,GPU
5,1,43,GPU
5,1,198,GPU
5,1,66,GPU
5,1,29,GPU
5,1,141,GPU
5,1,235,GPU
5,1,239,GPU
5,2,249,GPU
5,2,110,GPU
5,2,150,GPU
5,2,164,GPU
5,2,158,GPU
5,2,92,GPU
5,2,23,GPU
5,2,40,GPU
5,3,228,GPU
5,3,116,GPU
5,3,188,GPU
5,3,191,GPU
5,3,251,GPU
5,3,50,GPU
5,3,39,GPU
5,3,119,GPU
5,4,154,GPU
5,4,164,GPU
5,4,94,GPU
5,4,12,GPU
5,4,71,GPU
5,4,121,GPU
5,4,162,GPU
5,4,53,GPU
5,5,81,GPU
5,5,250,GPU
5,5,151,GPU
5,5,98,GPU
5,5,120,GPU
5,5,52,GPU
5,5,153,GPU
5,5,170,GPU
5,6,49,GPU
5,6,196,GPU
5,6,107,GPU
5,6,57,GPU
5,6,79,GPU
5,6,171,GPU
5,6,102,GPU
5,6,50,GPU
5,7,199,GPU
5,7,132,GPU
5,7,212,GPU
5,7,76,GPU
5,7,148,GPU
5,7,24,GPU
5,7,108,GPU
5,7,147,GPU
5,8,56,GPU
5,8,107,GPU
5,8,182,GPU
5,8,55,GPU
5,8,224,GPU
5,8,63,GPU
5,8,41,GPU
5,8,6,GPU
5,9,44,GPU
5,9,108,GPU
5,9,166,GPU
5,9,134,GPU
5,9,61,GPU
5,9,96,GPU
5,9,95,GPU
5,9,243,GPU
5,10,234,GPU
5,10,205,GPU
5,10,9,GPU
5,10,63,GPU
5,10,19,GPU
5,10,232,GPU
5,10,171,GPU
5,10,137,GPU
5,11,111,GPU
5,11,116,GPU
5,11,174,GPU
5,11,114,GPU
5,11,153,GPU
5,11,204,GPU
5,11,107,GPU
5,11,14,GPU
5,12,208,GPU
5,12,3,GPU
5,12,42,GPU
5,12,50,GPU
5,12,150,GPU
5,12,39,GPU
5,12,139,GPU
5,12,66,GPU
5,13,13,GPU
5,13,199,GPU
5,13,219,GPU
5,13,174,GPU
5,13,40,GPU
5,13,28,GPU
5,13,47,GPU
5,13,110,GPU
5,14,138,GPU
5,14,52,GPU
5,14,252,GPU
5,14,67,GPU
5,14,167,GPU
5,14,189,GPU
5,14,58,GPU
5,14,137,GPU
5,15,206,GPU
5,15,85,GPU
5,15,233,GPU
5,15,100,GPU
5,15,155,GPU
5,15,158,GPU
5,15,142,GPU
5,15,181,GPU
5,16,170,GPU
5,16,130,GPU
5,16,51,GPU
5,16,169,GPU
5,16,102,GPU
5,16,67,GPU
5,16,193,GPU
5,16,59,GPU
5,17,60,GPU
5,17,115,GPU
5,17,35,GPU
5,17,204,GPU
5,17,220,GPU
5,17,126,GPU
5,17,89,GPU
5,17,69,GPU
5,18,117,GPU
5,18,192,GPU
5,18,13,GPU
5,18,77,GPU
5,18,212,GPU
5,18,191,GPU
5,18,226,GPU
5,18,17,GPU
5,19,137,GPU
5,19,4,GPU
5,19,124,GPU
5,19,35,GPU
5,19,59,GPU
5,19,197,GPU
5,19,212,GPU
5,19,252,GPU
5,20,41,GPU
5,20,224,GPU
5,20,151,GPU
5,20,107,GPU
5,20,56,GPU
5,20,3,GPU
5,20,165,GPU
5,20,171,GPU
5,21,166,GPU
5,21,243,GPU
5,21,61,GPU
5,21,207,GPU
5,21,103,GPU
5,21,131,GPU
5,21,134,GPU
5,21,95,GPU
5,22,116,GPU
5,22,205,GPU
5,22,232,GPU
5,22,234,GPU
5,22,122,GPU
5,22,196,GPU
5,22,0,GPU
5,22,63,GPU
5,23,111,GPU
5,23,107,GPU
5,23,116,GPU
5,23,114,GPU
5,23,134,GPU
5,23,145,GPU
5,23,231,GPU
5,23,201,GPU
5,24,1,GPU
5,24,9,GPU
5,24,50,GPU
5,24,39,GPU
5,24,139,GPU
5,24,11,GPU
5,24,15,GPU
5,24,237,GPU
5,25,13,GPU
5,25,28,GPU
5,25,174,GPU
5,25,113,GPU
5,25,137,GPU
5,25,19,GPU
5,25,154,GPU
5,25,228,GPU
5,26,137,GPU
5,26,67,GPU
5,26,52,GPU
5,26,138,GPU
5,26,167,GPU
5,26,252,GPU
5,26,106,GPU
5,26,203,GPU
5,27,100,GPU
5,27,54,GPU
5,27,110,GPU
5,27,233,GPU
5,27,206,GPU
5,27,177,GPU
5,27,121,GPU
5,27,26,GPU
5,28,170,GPU
5,28,26,GPU
5,28,80,GPU
5,28,31,GPU
5,28,193,GPU
5,28,95,GPU
5,28,130,GPU
5,28,102,GPU
5,29,49,GPU
5,29,21,GPU
5,29,166,GPU
5,29,88,GPU
5,29,188,GPU
5,29,89,GPU
5,29,35,GPU
5,29,60,GPU
5,30,13,GPU
5,30,158,GPU
5,30,220,GPU
5,30,162,GPU
5,30,90,GPU
5,30,190,GPU
5,30,165,GPU
5,30,16,GPU
5,31,252,GPU
5,31,30,GPU
5,31,39,GPU
5,31,228,GPU
5,31,4,GPU
5,31,42,GPU
5,31,151,GPU
5,31,14,GPU
5,32,148,GPU
5,32,86,GPU
5,32,146,GPU
5,32,21,GPU
5,32,179,GPU
5,32,254,GPU
5,32,50,GPU
5,32,192,GPU
5,33,189,GPU
5,33,132,GPU
5,33,97,GPU
5,33,36,GPU
5,33,181,GPU
5,33,127,GPU
5,33,75,GPU
5,33,49,GPU
5,34,45,GPU
5,34,238,GPU
5,34,212,GPU
5,34,44,GPU
5,34,21,GPU
5,34,255,GPU
5,34,90,GPU
5,34,202,GPU
5,35,212,GPU
5,35,148,GPU
5,35,190,GPU
5,35,114,GPU
5,35,61,GPU
5,35,74,GPU
5,35,145,GPU
5,35,44,GPU
5,36,227,GPU
5,36,115,GPU
5,36,98,GPU
5,36,39,GPU
5,36,67,GPU
5,36,234,GPU
5,36,147,GPU
5,36,28,GPU
5,37,78,GPU
5,37,27,GPU
5,37,209,GPU
5,37,15,GPU
5,37,105,GPU
5,37,175,GPU
5,37,16,GPU
5,37,233,GPU
5,38,119,GPU
5,38,251,GPU
5,38,215,GPU
5,38,169,GPU
5,38,209,GPU
5,38,176,GPU
5,38,196,GPU
5,38,134,GPU
5,39,75,GPU
5,39,158,GPU
5,39,117,GPU
5,39,36,GPU
5,39,72,GPU
5,39,224,GPU
5,39,179,GPU
5,39,138,GPU
6,0,97,GPU
6,0,166,GPU
6,0,142,GPU
6,0,113,GPU
6,0,205,GPU
6,0,210,GPU
6,0,123,GPU
6,0,150,GPU
6,1,34,GPU
6,1,26,GPU
6,1,11,GPU
6,1,62,GPU
6,1,199,GPU
6,1,59,GPU
6,1,132,GPU
6,1,123,GPU
6,2,162,GPU
6,2,164,GPU
6,2,59,GPU
6,2,158,GPU
6,2,210,GPU
6,2,252,GPU
6,2,103,GPU
6,2,179,GPU
6,3,37,GPU
6,3,42,GPU
6,3,31,GPU
6,3,211,GPU
6,3,119,GPU
6,3,135,GPU
6,3,228,GPU
6,3,46,GPU
6,4,154,GPU
6,4,161,GPU
6,4,17,GPU
6,4,102,GPU
6,4,131,GPU
6,4,214,GPU
6,4,167,GPU
6,4,105,GPU
6,5,158,GPU
6,5,161,GPU
6,5,10,GPU
6,5,236,GPU
6,5,186,GPU
6,5,14,GPU
6,5,104,GPU
6,5,235,GPU
6,6,79,GPU
6,6,154,GPU
6,6,196,GPU
6,6,138,GPU
6,6,55,GPU
6,6,167,GPU
6,6,230,GPU
6,6,246,GPU
6,7,40,GPU
6,7,23,GPU
6,7,199,GPU
6,7,147,GPU
6,7,76,GPU
6,7,79,GPU
6,7,35,GPU
6,7,91,GPU
6,8,56,GPU
6,8,180,GPU
6,8,35,GPU
6,8,116,GPU
6,8,52,GPU
6,8,77,GPU
6,8,61,GPU
6,8,212,GPU
6,9,39,GPU
6,9,197,GPU
6,9,203,GPU
6,9,94,GPU
6,9,47,GPU
6,9,29,GPU
6,9,155,GPU
6,9,161,GPU
6,10,196,GPU
6,10,142,GPU
6,10,171,GPU
6,10,234,GPU
6,10,185,GPU
6,10,247,GPU
6,10,63,GPU
6,10,130,GPU
6,11,107,GPU
6,11,203,GPU
6,11,111,GPU
6,11,145,GPU
6,11,3,GPU
6,11,174,GPU
6,11,42,GPU
6,11,160,GPU
6,12,220,GPU
6,12,1,GPU
6,12,128,GPU
6,12,39,GPU
6,12,3,GPU
6,12,15,GPU
6,12,65,GPU
6,12,208,GPU
6,13,154,GPU
6,13,134,GPU
6,13,74,GPU
6,13,219,GPU
6,13,28,GPU
6,13,160,GPU
6,13,113,GPU
6,13,66,GPU
6,14,52,GPU
6,14,137,GPU
6,14,51,GPU
6,14,167,GPU
6,14,106,GPU
6,14,131,GPU
6,14,64,GPU
6,14,224,GPU
6,15,165,GPU
6,15,162,GPU
6,15,65,GPU
6,15,242,GPU
6,15,4,GPU
6,15,87,GPU
6,15,181,GPU
6,15,58,GPU
6,16,170,GPU
6,16,205,GPU
6,16,51,GPU
6,16,80,GPU
6,16,32,GPU
6,16,229,GPU
6,16,252,GPU
6,16,150,GPU
6,17,15,GPU
6,17,87,GPU
6,17,35,GPU
6,17,166,GPU
6,17,60,GPU
6,17,64,GPU
6,17,115,GPU
6,17,0,GPU
6,18,13,GPU
6,18,90,GPU
6,18,226,GPU
6,18,192,GPU
6,18,204,GPU
6,18,205,GPU
6,18,197,GPU
6,18,161,GPU
6,19,4,GPU
6,19,20,GPU
6,19,109,GPU
6,19,30,GPU
6,19,252,GPU
6,19,195,GPU
6,19,228,GPU
6,19,39,GPU
6,20,224,GPU
6,20,56,GPU
6,20,116,GPU
6,20,115,GPU
6,20,220,GPU
6,20,35,GPU
6,20,41,GPU
6,20,151,GPU
6,21,197,GPU
6,21,39,GPU
6,21,47,GPU
6,21,207,GPU
6,21,61,GPU
6,21,102,GPU
6,21,151,GPU
6,21,85,GPU
6,22,142,GPU
6,22,196,GPU
6,22,234,GPU
6,22,187,GPU
6,22,116,GPU
6,22,63,GPU
6,22,79,GPU
6,22,114,GPU
6,23,107,GPU
6,23,128,GPU
6,23,111,GPU
6,23,203,GPU
6,23,3,GPU
6,23,145,GPU
6,23,206,GPU
6,23,42,GPU
6,24,1,GPU
6,24,15,GPU
6,24,39,GPU
6,24,220,GPU
6,24,151,GPU
6,24,191,GPU
6,24,252,GPU
6,24,74,GPU
6,25,134,GPU
6,25,113,GPU
6,25,154,GPU
6,25,220,GPU
6,25,32,GPU
6,25,28,GPU
6,25,182,GPU
6,25,175,GPU
6,26,137,GPU
6,26,51,GPU
6,26,52,GPU
6,26,167,GPU
6,26,131,GPU
6,26,106,GPU
6,26,32,GPU
6,26,67,GPU
6,27,65,GPU
6,27,162,GPU
6,27,181,GPU
6,27,165,GPU
6,27,58,GPU
6,27,54,GPU
6,27,110,GPU
6,27,100,GPU
6,28,26,GPU
6,28,170,GPU
6,28,181,GPU
6,28,80,GPU
6,28,136,GPU
6,28,5,GPU
6,28,0,GPU
6,28,95,GPU
6,29,87,GPU
6,29,166,GPU
6,29,139,GPU
6,29,229,GPU
6,29,0,GPU
6,29,16,GPU
6,29,172,GPU
6,29,132,GPU
6,30,71,GPU
6,30,90,GPU
6,30,16,GPU
6,30,220,GPU
6,30,177,GPU
6,30,13,GPU
6,30,190,GPU
6,30,81,GPU
6,31,39,GPU
6,31,228,GPU
6,31,252,GPU
6,31,130,GPU
6,31,30,GPU
6,31,75,GPU
6,31,96,GPU
6,31,42,GPU
6,32,148,GPU
6,32,192,GPU
6,32,185,GPU
6,32,96,GPU
6,32,186,GPU
6,32,77,GPU
6,32,178,GPU
6,32,113,GPU
6,33,190,GPU
6,33,58,GPU
6,33,238,GPU
6,33,127,GPU
6,33,86,GPU
6,33,232,GPU
6,33,215,GPU
6,33,16,GPU
6,34,88,GPU
6,34,45,GPU
6,34,101,GPU
6,34,180,GPU
6,34,9,GPU
6,34,21,GPU
6,34,161,GPU
6,34,252,GPU
6,35,22,GPU
6,35,145,GPU
6,35,153,GPU
6,35,160,GPU
6,35,112,GPU
6,35,61,GPU
6,35,76,GPU
6,35,218,GPU
6,36,207,GPU
6,36,98,GPU
6,36,120,GPU
6,36,181,GPU
6,36,28,GPU
6,36,117,GPU
6,36,75,GPU
6,36,217,GPU
6,37,31,GPU
6,37,190,GPU
6,37,105,GPU
6,37,250,GPU
6,37,143,GPU
6,37,175,GPU
6,37,209,GPU
6,37,56,GPU
6,38,71,GPU
6,38,209,GPU
6,38,196,GPU
6,38,206,GPU
6,38,176,GPU
6,38,101,GPU
6,38,139,GPU
6,38,104,GPU
6,39,241,GPU
6,39,9,GPU
6,39,68,GPU
6,39,178,GPU
6,39,72,GPU
6,39,159,GPU
6,39,206,GPU
6,39,222,GPU
7,0,57,GPU
7,0,56,GPU
7,0,66,GPU
7,0,6,GPU
7,0,127,GPU
7,0,110,GPU
7,0,106,GPU
7,0,88,GPU
7,1,250,GPU
7,1,128,GPU
7,1,242,GPU
7,1,199,GPU
7,1,112,GPU
7,1,158,GPU
7,1,182,GPU
7,1,103,GPU
7,2,33,GPU
7,2,217,GPU
7,2,134,GPU
7,2,238,GPU
7,2,64,GPU
7,2,198,GPU
7,2,87,GPU
7,2,158,GPU
7,3,119,GPU
7,3,70,GPU
7,3,202,GPU
7,3,171,GPU
7,3,199,GPU
7,3,214,GPU
7,3,39,GPU
7,3,194,GPU
7,4,154,GPU
7,4,17,GPU
7,4,254,GPU
7,4,74,GPU
7,4,54,GPU
7,4,98,GPU
7,4,160,GPU
7,4,20,GPU
7,5,158,GPU
7,5,144,GPU
7,5,11,GPU
7,5,161,GPU
7,5,147,GPU
7,5,120,GPU
7,5,244,GPU
7,5,114,GPU
7,6,79,GPU
7,6,211,GPU
7,6,246,GPU
7,6,157,GPU
7,6,196,GPU
7,6,254,GPU
7,6,143,GPU
7,6,55,GPU
7,7,199,GPU
7,7,76,GPU
7,7,203,GPU
7,7,79,GPU
7,7,140,GPU
7,7,148,GPU
7,7,40,GPU
7,7,147,GPU
7,8,55,GPU
7,8,35,GPU
7,8,182,GPU
7,8,56,GPU
7,8,102,GPU
7,8,60,GPU
7,8,218,GPU
7,8,194,GPU
7,9,134,GPU
7,9,10,GPU
7,9,166,GPU
7,9,108,GPU
7,9,125,GPU
7,9,148,GPU
7,9,233,GPU
7,9,203,GPU
7,10,205,GPU
7,10,63,GPU
7,10,171,GPU
7,10,240,GPU
7,10,24,GPU
7,10,234,GPU
7,10,116,GPU
7,10,178,GPU
7,11,111,GPU
7,11,42,GPU
7,11,107,GPU
7,11,239,GPU
7,11,8,GPU
7,11,35,GPU
7,11,145,GPU
7,11,56,GPU
7,12,42,GPU
7,12,139,GPU
7,12,150,GPU
7,12,9,GPU
7,12,3,GPU
7,12,116,GPU
7,12,201,GPU
7,12,173,GPU
7,13,213,GPU
7,13,40,GPU
7,13,174,GPU
7,13,7,GPU
7,13,228,GPU
7,13,28,GPU
7,13,24,GPU
7,13,46,GPU
7,14,252,GPU
7,14,58,GPU
7,14,67,GPU
7,14,189,GPU
7,14,15,GPU
7,14,138,GPU
7,14,23,GPU
7,14,44,GPU
7,15,194,GPU
7,15,206,GPU
7,15,5,GPU
7,15,30,GPU
7,15,158,GPU
7,15,100,GPU
7,15,142,GPU
7,15,122,GPU
7,16,169,GPU
7,16,130,GPU
7,16,129,GPU
7,16,31,GPU
7,16,51,GPU
7,16,205,GPU
7,16,148,GPU
7,16,214,GPU
7,17,204,GPU
7,17,60,GPU
7,17,199,GPU
7,17,126,GPU
7,17,4,GPU
7,17,8,GPU
7,17,224,GPU
7,17,115,GPU
7,18,117,GPU
7,18,48,GPU
7,18,218,GPU
7,18,209,GPU
7,18,212,GPU
7,18,32,GPU
7,18,26,GPU
7,18,149,GPU
7,19,248,GPU
7,19,137,GPU
7,19,4,GPU
7,19,59,GPU
7,19,210,GPU
7,19,124,GPU
7,19,157,GPU
7,19,35,GPU
7,20,41,GPU
7,20,224,GPU
7,20,151,GPU
7,20,102,GPU
7,20,163,GPU
7,20,53,GPU
7,20,165,GPU
7,20,148,GPU
7,21,166,GPU
7,21,103,GPU
7,21,243,GPU
7,21,134,GPU
7,21,207,GPU
7,21,22,GPU
7,21,226,GPU
7,21,61,GPU
7,22,116,GPU
7,22,205,GPU
7,22,232,GPU
7,22,160,GPU
7,22,24,GPU
7,22,194,GPU
7,22,156,GPU
7,22,236,GPU
7,23,80,GPU
7,23,107,GPU
7,23,111,GPU
7,23,134,GPU
7,23,141,GPU
7,23,56,GPU
7,23,210,GPU
7,23,8,GPU
7,24,9,GPU
7,24,42,GPU
7,24,2,GPU
7,24,1,GPU
7,24,116,GPU
7,24,152,GPU
7,24,201,GPU
7,24,139,GPU
7,25,174,GPU
7,25,228,GPU
7,25,28,GPU
7,25,166,GPU
7,25,109,GPU
7,25,151,GPU
7,25,145,GPU
7,25,40,GPU
7,26,252,GPU
7,26,67,GPU
7,26,138,GPU
7,26,58,GPU
7,26,52,GPU
7,26,78,GPU
7,26,114,GPU
7,26,139,GPU
7,27,206,GPU
7,27,203,GPU
7,27,100,GPU
7,27,70,GPU
7,27,249,GPU
7,27,3,GPU
7,27,110,GPU
7,27,142,GPU
7,28,31,GPU
7,28,170,GPU
7,28,224,GPU
7,28,24,GPU
7,28,47,GPU
7,28,130,GPU
7,28,179,GPU
7,28,41,GPU
7,29,218,GPU
7,29,150,GPU
7,29,214,GPU
7,29,166,GPU
7,29,69,GPU
7,29,104,GPU
7,29,187,GPU
7,29,60,GPU
7,30,159,GPU
7,30,71,GPU
7,30,191,GPU
7,30,174,GPU
7,30,220,GPU
7,30,165,GPU
7,30,17,GPU
7,30,181,GPU
7,31,228,GPU
7,31,199,GPU
7,31,30,GPU
7,31,75,GPU
7,31,252,GPU
7,31,91,GPU
7,31,124,GPU
7,31,135,GPU
7,32,192,GPU
7,32,221,GPU
7,32,48,GPU
7,32,185,GPU
7,32,107,GPU
7,32,201,GPU
7,32,254,GPU
7,32,178,GPU
7,33,96,GPU
7,33,121,GPU
7,33,107,GPU
7,33,151,GPU
7,33,58,GPU
7,33,127,GPU
7,33,253,GPU
7,33,215,GPU
7,34,208,GPU
7,34,9,GPU
7,34,56,GPU
7,34,252,GPU
7,34,175,GPU
7,34,21,GPU
7,34,95,GPU
7,34,220,GPU
7,35,5,GPU
7,35,22,GPU
7,35,85,GPU
7,35,218,GPU
7,35,99,GPU
7,35,61,GPU
7,35,135,GPU
7,35,108,GPU
7,36,1,GPU
7,36,246,GPU
7,36,195,GPU
7,36,152,GPU
7,36,248,GPU
7,36,211,GPU
7,36,117,GPU
7,36,202,GPU
7,37,143,GPU
7,37,67,GPU
7,37,161,GPU
7,37,135,GPU
7,37,56,GPU
7,37,174,GPU
7,37,48,GPU
7,37,60,GPU
7,38,195,GPU
7,38,9,GPU
7,38,201,GPU
7,38,234,GPU
7,38,30,GPU
7,38,101,GPU
7,38,140,GPU
7,38,209,GPU
7,39,246,GPU
7,39,1,GPU
7,39,250,GPU
7,39,92,GPU
7,39,215,GPU
7,39,248,GPU
7,39,37,GPU
7,39,203,GPU
8,0,172,GPU
8,0,84,GPU
8,0,46,GPU
8,0,63,GPU
8,0,127,GPU
8,0,233,GPU
8,0,202,GPU
8,0,121,GPU
8,1,128,GPU
8,1,198,GPU
8,1,182,GPU
8,1,111,GPU
8,1,29,GPU
8,1,118,GPU
8,1,120,GPU
8,1,61,GPU
8,2,33,GPU
8,2,15,GPU
8,2,134,GPU
8,2,217,GPU
8,2,64,GPU
8,2,80,GPU
8,2,87,GPU
8,2,238,GPU
8,3,202,GPU
8,3,70,GPU
8,3,148,GPU
8,3,116,GPU
8,3,177,GPU
8,3,199,GPU
8,3,214,GPU
8,3,119,GPU
8,4,154,GPU
8,4,98,GPU
8,4,54,GPU
8,4,112,GPU
8,4,74,GPU
8,4,71,GPU
8,4,17,GPU
8,4,79,GPU
8,5,158,GPU
8,5,144,GPU
8,5,27,GPU
8,5,11,GPU
8,5,161,GPU
8,5,169,GPU
8,5,100,GPU
8,5,194,GPU
8,6,79,GPU
8,6,52,GPU
8,6,196,GPU
8,6,42,GPU
8,6,166,GPU
8,6,73,GPU
8,6,55,GPU
8,6,142,GPU
8,7,40,GPU
8,7,79,GPU
8,7,56,GPU
8,7,23,GPU
8,7,76,GPU
8,7,147,GPU
8,7,35,GPU
8,7,229,GPU
8,8,116,GPU
8,8,35,GPU
8,8,56,GPU
8,8,52,GPU
8,8,180,GPU
8,8,173,GPU
8,8,103,GPU
8,8,212,GPU
8,9,197,GPU
8,9,148,GPU
8,9,215,GPU
8,9,151,GPU
8,9,98,GPU
8,9,47,GPU
8,9,104,GPU
8,9,8,GPU
8,10,171,GPU
8,10,24,GPU
8,10,114,GPU
8,10,252,GPU
8,10,196,GPU
8,10,185,GPU
8,10,72,GPU
8,10,247,GPU
8,11,247,GPU
8,11,107,GPU
8,11,147,GPU
8,11,114,GPU
8,11,203,GPU
8,11,210,GPU
8,11,255,GPU
8,11,98,GPU
8,12,43,GPU
8,12,128,GPU
8,12,1,GPU
8,12,191,GPU
8,12,193,GPU
8,12,56,GPU
8,12,15,GPU
8,12,39,GPU
8,13,113,GPU
8,13,38,GPU
8,13,154,GPU
8,13,28,GPU
8,13,138,GPU
8,13,74,GPU
8,13,29,GPU
8,13,44,GPU
8,14,52,GPU
8,14,51,GPU
8,14,167,GPU
8,14,131,GPU
8,14,137,GPU
8,14,93,GPU
8,14,138,GPU
8,14,105,GPU
8,15,162,GPU
8,15,165,GPU
8,15,110,GPU
8,15,4,GPU
8,15,181,GPU
8,15,100,GPU
8,15,203,GPU
8,15,120,GPU
8,16,170,GPU
8,16,181,GPU
8,16,205,GPU
8,16,32,GPU
8,16,179,GPU
8,16,136,GPU
8,16,20,GPU
8,16,231,GPU
8,17,166,GPU
8,17,218,GPU
8,17,15,GPU
8,17,60,GPU
8,17,187,GPU
8,17,35,GPU
8,17,87,GPU
8,17,236,GPU
8,18,192,GPU
8,18,17,GPU
8,18,205,GPU
8,18,226,GPU
8,18,220,GPU
8,18,161,GPU
8,18,13,GPU
8,18,77,GPU
8,19,252,GPU
8,19,4,GPU
8,19,137,GPU
8,19,30,GPU
8,19,124,GPU
8,19,228,GPU
8,19,199,GPU
8,19,170,GPU
8,20,224,GPU
8,20,35,GPU
8,20,41,GPU
8,20,151,GPU
8,20,102,GPU
8,20,115,GPU
8,20,4,GPU
8,20,184,GPU
8,21,215,GPU
8,21,61,GPU
8,21,166,GPU
8,21,197,GPU
8,21,148,GPU
8,21,5,GPU
8,21,212,GPU
8,21,0,GPU
8,22,196,GPU
8,22,24,GPU
8,22,234,GPU
8,22,63,GPU
8,22,114,GPU
8,22,232,GPU
8,22,187,GPU
8,22,116,GPU
8,23,107,GPU
8,23,111,GPU
8,23,247,GPU
8,23,210,GPU
8,23,3,GPU
8,23,195,GPU
8,23,145,GPU
8,23,114,GPU
8,24,15,GPU
8,24,191,GPU
8,24,1,GPU
8,24,138,GPU
8,24,139,GPU
8,24,237,GPU
8,24,43,GPU
8,24,56,GPU
8,25,113,GPU
8,25,123,GPU
8,25,28,GPU
8,25,175,GPU
8,25,219,GPU
8,25,32,GPU
8,25,134,GPU
8,25,29,GPU
8,26,137,GPU
8,26,52,GPU
8,26,131,GPU
8,26,51,GPU
8,26,167,GPU
8,26,138,GPU
8,26,67,GPU
8,26,180,GPU
8,27,203,GPU
8,27,162,GPU
8,27,110,GPU
8,27,54,GPU
8,27,177,GPU
8,27,100,GPU
8,27,155,GPU
8,27,135,GPU
8,28,26,GPU
8,28,170,GPU
8,28,31,GPU
8,28,136,GPU
8,28,47,GPU
8,28,161,GPU
8,28,179,GPU
8,28,24,GPU
8,29,218,GPU
8,29,166,GPU
8,29,139,GPU
8,29,187,GPU
8,29,28,GPU
8,29,141,GPU
8,29,229,GPU
8,29,214,GPU
8,30,71,GPU
8,30,220,GPU
8,30,165,GPU
8,30,177,GPU
8,30,106,GPU
8,30,251,GPU
8,30,159,GPU
8,30,13,GPU
8,31,228,GPU
8,31,199,GPU
8,31,91,GPU
8,31,30,GPU
8,31,96,GPU
8,31,42,GPU
8,31,135,GPU
8,31,252,GPU
8,32,221,GPU
8,32,192,GPU
8,32,185,GPU
8,32,201,GPU
8,32,107,GPU
8,32,247,GPU
8,32,178,GPU
8,32,159,GPU
8,33,244,GPU
8,33,96,GPU
8,33,107,GPU
8,33,121,GPU
8,33,58,GPU
8,33,151,GPU
8,33,105,GPU
8,33,170,GPU
8,34,81,GPU
8,34,21,GPU
8,34,208,GPU
8,34,56,GPU
8,34,252,GPU
8,34,95,GPU
8,34,9,GPU
8,34,220,GPU
8,35,132,GPU
8,35,22,GPU
8,35,218,GPU
8,35,61,GPU
8,35,99,GPU
8,35,183,GPU
8,35,76,GPU
8,35,85,GPU
8,36,152,GPU
8,36,248,GPU
8,36,246,GPU
8,36,195,GPU
8,36,211,GPU
8,36,202,GPU
8,36,117,GPU
8,36,1,GPU
8,37,143,GPU
8,37,161,GPU
8,37,67,GPU
8,37,135,GPU
8,37,158,GPU
8,37,174,GPU
8,37,60,GPU
8,37,48,GPU
8,38,9,GPU
8,38,234,GPU
8,38,30,GPU
8,38,101,GPU
8,38,201,GPU
8,38,97,GPU
8,38,84,GPU
8,38,195,GPU
8,39,246,GPU
8,39,250,GPU
8,39,1,GPU
8,39,92,GPU
8,39,248,GPU
8,39,203,GPU
8,39,15,GPU
8,39,125,GPU
9,0,92,GPU
9,0,172,GPU
9,0,84,GPU
9,0,234,GPU
9,0,144,GPU
9,0,186,GPU
9,0,188,GPU
9,0,4,GPU
9,1,198,GPU
9,1,128,GPU
9,1,211,GPU
9,1,79,GPU
9,1,160,GPU
9,1,118,GPU
9,1,255,GPU
9,1,157,GPU
9,2,150,GPU
9,2,92,GPU
9,2,159,GPU
9,2,33,GPU
9,2,84,GPU
9,2,56,GPU
9,2,15,GPU
9,2,230,GPU
9,3,148,GPU
9,3,177,GPU
9,3,202,GPU
9,3,199,GPU
9,3,214,GPU
9,3,25,GPU
9,3,213,GPU
9,3,225,GPU
9,4,154,GPU
9,4,98,GPU
9,4,192,GPU
9,4,54,GPU
9,4,94,GPU
9,4,37,GPU
9,4,112,GPU
9,4,71,GPU
9,5,158,GPU
9,5,2,GPU
9,5,144,GPU
9,5,114,GPU
9,5,194,GPU
9,5,165,GPU
9,5,18,GPU
9,5,183,GPU
9,6,79,GPU
9,6,52,GPU
9,6,200,GPU
9,6,84,GPU
9,6,55,GPU
9,6,196,GPU
9,6,42,GPU
9,6,43,GPU
9,7,79,GPU
9,7,76,GPU
9,7,40,GPU
9,7,181,GPU
9,7,199,GPU
9,7,23,GPU
9,7,35,GPU
9,7,21,GPU
9,8,184,GPU
9,8,159,GPU
9,8,35,GPU
9,8,56,GPU
9,8,103,GPU
9,8,212,GPU
9,8,52,GPU
9,8,77,GPU
9,9,5,GPU
9,9,120,GPU
9,9,197,GPU
9,9,215,GPU
9,9,98,GPU
9,9,47,GPU
9,9,0,GPU
9,9,8,GPU
9,10,9,GPU
9,10,171,GPU
9,10,114,GPU
9,10,234,GPU
9,10,252,GPU
9,10,196,GPU
9,10,222,GPU
9,10,207,GPU
9,11,3,GPU
9,11,107,GPU
9,11,153,GPU
9,11,145,GPU
9,11,147,GPU
9,11,255,GPU
9,11,98,GPU
9,11,111,GPU
9,12,206,GPU
9,12,164,GPU
9,12,191,GPU
9,12,237,GPU
9,12,128,GPU
9,12,39,GPU
9,12,3,GPU
9,12,193,GPU
9,13,28,GPU
9,13,113,GPU
9,13,154,GPU
9,13,38,GPU
9,13,123,GPU
9,13,167,GPU
9,13,219,GPU
9,13,138,GPU
9,14,52,GPU
9,14,167,GPU
9,14,131,GPU
9,14,93,GPU
9,14,51,GPU
9,14,138,GPU
9,14,60,GPU
9,14,106,GPU
9,15,110,GPU
9,15,248,GPU
9,15,162,GPU
9,15,100,GPU
9,15,230,GPU
9,15,181,GPU
9,15,220,GPU
9,15,103,GPU
9,16,170,GPU
9,16,205,GPU
9,16,181,GPU
9,16,20,GPU
9,16,179,GPU
9,16,231,GPU
9,16,136,GPU
9,16,32,GPU
9,17,236,GPU
9,17,218,GPU
9,17,166,GPU
9,17,187,GPU
9,17,60,GPU
9,17,15,GPU
9,17,242,GPU
9,17,229,GPU
9,18,69,GPU
9,18,192,GPU
9,18,17,GPU
9,18,205,GPU
9,18,165,GPU
9,18,226,GPU
9,18,161,GPU
9,18,251,GPU
9,19,51,GPU
9,19,252,GPU
9,19,4,GPU
9,19,30,GPU
9,19,228,GPU
9,19,71,GPU
9,19,137,GPU
9,19,170,GPU
9,20,35,GPU
9,20,224,GPU
9,20,159,GPU
9,20,41,GPU
9,20,4,GPU
9,20,184,GPU
9,20,151,GPU
9,20,102,GPU
9,21,61,GPU
9,21,5,GPU
9,21,166,GPU
9,21,212,GPU
9,21,120,GPU
9,21,0,GPU
9,21,134,GPU
9,21,197,GPU
9,22,9,GPU
9,22,234,GPU
9,22,196,GPU
9,22,232,GPU
9,22,63,GPU
9,22,187,GPU
9,22,116,GPU
9,22,0,GPU
9,23,107,GPU
9,23,145,GPU
9,23,3,GPU
9,23,153,GPU
9,23,66,GPU
9,23,130,GPU
9,23,111,GPU
9,23,56,GPU
9,24,15,GPU
9,24,1,GPU
9,24,139,GPU
9,24,206,GPU
9,24,237,GPU
9,24,191,GPU
9,24,39,GPU
9,24,154,GPU
9,25,28,GPU
9,25,113,GPU
9,25,123,GPU
9,25,175,GPU
9,25,29,GPU
9,25,110,GPU
9,25,219,GPU
9,25,222,GPU
9,26,52,GPU
9,26,67,GPU
9,26,138,GPU
9,26,131,GPU
9,26,167,GPU
9,26,137,GPU
9,26,106,GPU
9,26,180,GPU
9,27,248,GPU
9,27,100,GPU
9,27,110,GPU
9,27,177,GPU
9,27,142,GPU
9,27,233,GPU
9,27,162,GPU
9,27,54,GPU
9,28,170,GPU
9,28,31,GPU
9,28,26,GPU
9,28,54,GPU
9,28,20,GPU
9,28,231,GPU
9,28,47,GPU
9,28,119,GPU
9,29,187,GPU
9,29,218,GPU
9,29,236,GPU
9,29,28,GPU
9,29,166,GPU
9,29,102,GPU
9,29,139,GPU
9,29,206,GPU
9,30,69,GPU
9,30,165,GPU
9,30,106,GPU
9,30,220,GPU
9,30,17,GPU
9,30,190,GPU
9,30,192,GPU
9,30,251,GPU
9,31,51,GPU
9,31,14,GPU
9,31,137,GPU
9,31,30,GPU
9,31,252,GPU
9,31,226,GPU
9,31,60,GPU
9,31,124,GPU
9,32,195,GPU
9,32,146,GPU
9,32,86,GPU
9,32,247,GPU
9,32,178,GPU
9,32,107,GPU
9,32,50,GPU
9,32,194,GPU
9,33,97,GPU
9,33,37,GPU
9,33,6,GPU
9,33,189,GPU
9,33,198,GPU
9,33,36,GPU
9,33,49,GPU
9,33,81,GPU
9,34,52,GPU
9,34,212,GPU
9,34,255,GPU
9,34,90,GPU
9,34,21,GPU
9,34,19,GPU
9,34,141,GPU
9,34,107,GPU
9,35,49,GPU
9,35,22,GPU
9,35,76,GPU
9,35,44,GPU
9,35,212,GPU
9,35,167,GPU
9,35,61,GPU
9,35,89,GPU
9,36,234,GPU
9,36,147,GPU
9,36,98,GPU
9,36,227,GPU
9,36,158,GPU
9,36,203,GPU
9,36,119,GPU
9,36,34,GPU
9,37,193,GPU
9,37,15,GPU
9,37,64,GPU
9,37,145,GPU
9,37,105,GPU
9,37,84,GPU
9,37,209,GPU
9,37,35,GPU
9,38,139,GPU
9,38,215,GPU
9,38,94,GPU
9,38,104,GPU
9,38,209,GPU
9,38,84,GPU
9,38,196,GPU
9,38,176,GPU
9,39,158,GPU
9,39,224,GPU
9,39,165,GPU
9,39,72,GPU
9,39,36,GPU
9,39,235,GPU
9,39,127,GPU
9,39,146,GPU
10,0,93,GPU
10,0,210,GPU
10,0,96,GPU
10,0,69,GPU
10,0,228,GPU
10,0,14,GPU
10,0,187,GPU
10,0,117,GPU
10,1,195,GPU
10,1,234,GPU
10,1,96,GPU
10,1,16,GPU
10,1,222,GPU
10,1,63,GPU
10,1,40,GPU
10,1,81,GPU
10,2,84,GPU
10,2,33,GPU
10,2,56,GPU
10,2,159,GPU
10,2,92,GPU
10,2,120,GPU
10,2,173,GPU
10,2,236,GPU
10,3,148,GPU
10,3,202,GPU
10,3,214,GPU
10,3,188,GPU
10,3,170,GPU
10,3,199,GPU
10,3,122,GPU
10,3,225,GPU
10,4,154,GPU
10,4,98,GPU
10,4,119,GPU
10,4,8,GPU
10,4,71,GPU
10,4,37,GPU
10,4,192,GPU
10,4,55,GPU
10,5,194,GPU
10,5,158,GPU
10,5,114,GPU
10,5,2,GPU
10,5,144,GPU
10,5,69,GPU
10,5,183,GPU
10,5,165,GPU
10,6,79,GPU
10,6,84,GPU
10,6,55,GPU
10,6,52,GPU
10,6,16,GPU
10,6,196,GPU
10,6,157,GPU
10,6,65,GPU
10,7,199,GPU
10,7,79,GPU
10,7,76,GPU
10,7,181,GPU
10,7,147,GPU
10,7,23,GPU
10,7,140,GPU
10,7,28,GPU
10,8,35,GPU
10,8,159,GPU
10,8,184,GPU
10,8,55,GPU
10,8,112,GPU
10,8,182,GPU
10,8,56,GPU
10,8,102,GPU
10,9,120,GPU
10,9,134,GPU
10,9,166,GPU
10,9,19,GPU
10,9,5,GPU
10,9,206,GPU
10,9,10,GPU
10,9,178,GPU
10,10,63,GPU
10,10,205,GPU
10,10,229,GPU
10,10,240,GPU
10,10,163,GPU
10,10,178,GPU
10,10,171,GPU
10,10,183,GPU
10,11,111,GPU
10,11,42,GPU
10,11,239,GPU
10,11,130,GPU
10,11,107,GPU
10,11,145,GPU
10,11,181,GPU
10,11,56,GPU
10,12,42,GPU
10,12,139,GPU
10,12,9,GPU
10,12,150,GPU
10,12,2,GPU
10,12,152,GPU
10,12,3,GPU
10,12,116,GPU
10,13,174,GPU
10,13,213,GPU
10,13,40,GPU
10,13,228,GPU
10,13,7,GPU
10,13,24,GPU
10,13,28,GPU
10,13,110,GPU
10,14,252,GPU
10,14,138,GPU
10,14,189,GPU
10,14,67,GPU
10,14,58,GPU
10,14,44,GPU
10,14,114,GPU
10,14,108,GPU
10,15,206,GPU
10,15,158,GPU
10,15,134,GPU
10,15,142,GPU
10,15,238,GPU
10,15,30,GPU
10,15,100,GPU
10,15,230,GPU
10,16,169,GPU
10,16,130,GPU
10,16,129,GPU
10,16,59,GPU
10,16,31,GPU
10,16,54,GPU
10,16,224,GPU
10,16,179,GPU
10,17,60,GPU
10,17,69,GPU
10,17,220,GPU
10,17,8,GPU
10,17,204,GPU
10,17,28,GPU
10,17,4,GPU
10,17,187,GPU
10,18,117,GPU
10,18,77,GPU
10,18,48,GPU
10,18,17,GPU
10,18,26,GPU
10,18,118,GPU
10,18,108,GPU
10,18,2,GPU
10,19,137,GPU
10,19,4,GPU
10,19,248,GPU
10,19,124,GPU
10,19,59,GPU
10,19,14,GPU
10,19,35,GPU
10,19,157,GPU
10,20,224,GPU
10,20,41,GPU
10,20,151,GPU
10,20,165,GPU
10,20,148,GPU
10,20,171,GPU
10,20,1,GPU
10,20,159,GPU
10,21,166,GPU
10,21,103,GPU
10,21,61,GPU
10,21,243,GPU
10,21,134,GPU
10,21,207,GPU
10,21,5,GPU
10,21,22,GPU
10,22,116,GPU
10,22,232,GPU
10,22,205,GPU
10,22,160,GPU
10,22,119,GPU
10,22,236,GPU
10,22,66,GPU
10,22,63,GPU
10,23,80,GPU
10,23,107,GPU
10,23,111,GPU
10,23,134,GPU
10,23,141,GPU
10,23,56,GPU
10,23,66,GPU
10,23,145,GPU
10,24,9,GPU
10,24,42,GPU
10,24,2,GPU
10,24,3,GPU
10,24,237,GPU
10,24,139,GPU
10,24,222,GPU
10,24,1,GPU
10,25,174,GPU
10,25,228,GPU
10,25,28,GPU
10,25,219,GPU
10,25,166,GPU
10,25,137,GPU
10,25,151,GPU
10,25,126,GPU
10,26,67,GPU
10,26,138,GPU
10,26,252,GPU
10,26,52,GPU
10,26,58,GPU
10,26,146,GPU
10,26,189,GPU
10,26,96,GPU
10,27,206,GPU
10,27,110,GPU
10,27,233,GPU
10,27,100,GPU
10,27,26,GPU
10,27,103,GPU
10,27,249,GPU
10,27,54,GPU
10,28,31,GPU
10,28,20,GPU
10,28,169,GPU
10,28,224,GPU
10,28,170,GPU
10,28,179,GPU
10,28,130,GPU
10,28,73,GPU
10,29,204,GPU
10,29,28,GPU
10,29,60,GPU
10,29,236,GPU
10,29,218,GPU
10,29,102,GPU
10,29,101,GPU
10,29,69,GPU
10,30,117,GPU
10,30,192,GPU
10,30,17,GPU
10,30,106,GPU
10,30,191,GPU
10,30,220,GPU
10,30,165,GPU
10,30,221,GPU
10,31,137,GPU
10,31,51,GPU
10,31,248,GPU
10,31,14,GPU
10,31,124,GPU
10,31,233,GPU
10,31,135,GPU
10,31,252,GPU
10,32,17,GPU
10,32,89,GPU
10,32,194,GPU
10,32,178,GPU
10,32,206,GPU
10,32,195,GPU
10,32,199,GPU
10,32,50,GPU
10,33,81,GPU
10,33,94,GPU
10,33,23,GPU
10,33,214,GPU
10,33,40,GPU
10,33,49,GPU
10,33,117,GPU
10,33,105,GPU
10,34,187,GPU
10,34,54,GPU
10,34,141,GPU
10,34,107,GPU
10,34,19,GPU
10,34,173,GPU
10,34,21,GPU
10,34,58,GPU
10,35,214,GPU
10,35,167,GPU
10,35,89,GPU
10,35,244,GPU
10,35,12,GPU
10,35,49,GPU
10,35,202,GPU
10,35,76,GPU
10,36,8,GPU
10,36,158,GPU
10,36,0,GPU
10,36,129,GPU
10,36,203,GPU
10,36,253,GPU
10,36,57,GPU
10,36,34,GPU
10,37,64,GPU
10,37,84,GPU
10,37,105,GPU
10,37,145,GPU
10,37,220,GPU
10,37,57,GPU
10,37,147,GPU
10,37,164,GPU
10,38,94,GPU
10,38,22,GPU
10,38,84,GPU
10,38,86,GPU
10,38,79,GPU
10,38,127,GPU
10,38,136,GPU
10,38,97,GPU
10,39,16,GPU
10,39,241,GPU
10,39,145,GPU
10,39,23,GPU
10,39,68,GPU
10,39,62,GPU
10,39,34,GPU
10,39,89,GPU
11,0,57,GPU
11,0,59,GPU
11,0,110,GPU
11,0,180,GPU
11,0,84,GPU
11,0,157,GPU
11,0,245,GPU
11,0,56,GPU
11,1,234,GPU
11,1,98,GPU
11,1,166,GPU
11,1,190,GPU
11,1,119,GPU
11,1,179,GPU
11,1,40,GPU
11,1,131,GPU
11,2,120,GPU
11,2,238,GPU
11,2,234,GPU
11,2,56,GPU
11,2,173,GPU
11,2,33,GPU
11,2,84,GPU
11,2,2,GPU
11,3,70,GPU
11,3,50,GPU
11,3,132,GPU
11,3,150,GPU
11,3,217,GPU
11,3,228,GPU
11,3,202,GPU
11,3,148,GPU
11,4,138,GPU
11,4,154,GPU
11,4,164,GPU
11,4,74,GPU
11,4,123,GPU
11,4,98,GPU
11,4,229,GPU
11,4,213,GPU
11,5,249,GPU
11,5,250,GPU
11,5,114,GPU
11,5,120,GPU
11,5,24,GPU
11,5,144,GPU
11,5,153,GPU
11,5,31,GPU
11,6,57,GPU
11,6,84,GPU
11,6,246,GPU
11,6,196,GPU
11,6,102,GPU
11,6,42,GPU
11,6,73,GPU
11,6,79,GPU
11,7,199,GPU
11,7,56,GPU
11,7,243,GPU
11,7,79,GPU
11,7,32,GPU
11,7,28,GPU
11,7,223,GPU
11,7,140,GPU
11,8,184,GPU
11,8,120,GPU
11,8,159,GPU
11,8,35,GPU
11,8,65,GPU
11,8,224,GPU
11,8,103,GPU
11,8,237,GPU
11,9,148,GPU
11,9,5,GPU
11,9,0,GPU
11,9,166,GPU
11,9,108,GPU
11,9,61,GPU
11,9,134,GPU
11,9,217,GPU
11,10,46,GPU
11,10,205,GPU
11,10,19,GPU
11,10,171,GPU
11,10,126,GPU
11,10,63,GPU
11,10,114,GPU
11,10,10,GPU
11,11,210,GPU
11,11,93,GPU
11,11,66,GPU
11,11,107,GPU
11,11,207,GPU
11,11,111,GPU
11,11,56,GPU
11,11,116,GPU
11,12,150,GPU
11,12,3,GPU
11,12,206,GPU
11,12,139,GPU
11,12,136,GPU
11,12,42,GPU
11,12,116,GPU
11,12,2,GPU
11,13,28,GPU
11,13,174,GPU
11,13,219,GPU
11,13,40,GPU
11,13,137,GPU
11,13,110,GPU
11,13,213,GPU
11,13,46,GPU
11,14,138,GPU
11,14,252,GPU
11,14,111,GPU
11,14,58,GPU
11,14,67,GPU
11,14,189,GPU
11,14,105,GPU
11,14,146,GPU
11,15,155,GPU
11,15,30,GPU
11,15,206,GPU
11,15,100,GPU
11,15,80,GPU
11,15,158,GPU
11,15,33,GPU
11,15,142,GPU
11,16,129,GPU
11,16,130,GPU
11,16,20,GPU
11,16,59,GPU
11,16,169,GPU
11,16,31,GPU
11,16,102,GPU
11,16,137,GPU
11,17,220,GPU
11,17,60,GPU
11,17,126,GPU
11,17,187,GPU
11,17,199,GPU
11,17,204,GPU
11,17,104,GPU
11,17,106,GPU
11,18,17,GPU
11,18,220,GPU
11,18,218,GPU
11,18,212,GPU
11,18,117,GPU
11,18,209,GPU
11,18,150,GPU
11,18,13,GPU
11,19,137,GPU
11,19,35,GPU
11,19,4,GPU
11,19,197,GPU
11,19,14,GPU
11,19,196,GPU
11,19,33,GPU
11,19,7,GPU
11,20,41,GPU
11,20,224,GPU
11,20,151,GPU
11,20,182,GPU
11,20,55,GPU
11,20,206,GPU
11,20,6,GPU
11,20,126,GPU
11,21,166,GPU
11,21,148,GPU
11,21,61,GPU
11,21,125,GPU
11,21,134,GPU
11,21,108,GPU
11,21,250,GPU
11,21,243,GPU
11,22,19,GPU
11,22,205,GPU
11,22,34,GPU
11,22,119,GPU
11,22,116,GPU
11,22,232,GPU
11,22,234,GPU
11,22,66,GPU
11,23,210,GPU
11,23,107,GPU
11,23,93,GPU
11,23,66,GPU
11,23,56,GPU
11,23,111,GPU
11,23,116,GPU
11,23,145,GPU
11,24,150,GPU
11,24,1,GPU
11,24,15,GPU
11,24,203,GPU
11,24,56,GPU
11,24,107,GPU
11,24,139,GPU
11,24,11,GPU
11,25,211,GPU
11,25,40,GPU
11,25,113,GPU
11,25,155,GPU
11,25,64,GPU
11,25,174,GPU
11,25,28,GPU
11,25,24,GPU
11,26,242,GPU
11,26,52,GPU
11,26,138,GPU
11,26,131,GPU
11,26,180,GPU
11,26,111,GPU
11,26,252,GPU
11,26,67,GPU
11,27,203,GPU
11,27,155,GPU
11,27,194,GPU
11,27,30,GPU
11,27,100,GPU
11,27,177,GPU
11,27,103,GPU
11,27,110,GPU
11,28,26,GPU
11,28,31,GPU
11,28,170,GPU
11,28,130,GPU
11,28,179,GPU
11,28,214,GPU
11,28,45,GPU
11,28,169,GPU
11,29,49,GPU
11,29,104,GPU
11,29,214,GPU
11,29,218,GPU
11,29,229,GPU
11,29,187,GPU
11,29,199,GPU
11,29,166,GPU
11,30,220,GPU
11,30,165,GPU
11,30,190,GPU
11,30,69,GPU
11,30,97,GPU
11,30,17,GPU
11,30,218,GPU
11,30,192,GPU
11,31,14,GPU
11,31,137,GPU
11,31,28,GPU
11,31,252,GPU
11,31,228,GPU
11,31,135,GPU
11,31,30,GPU
11,31,96,GPU
11,32,86,GPU
11,32,102,GPU
11,32,107,GPU
11,32,247,GPU
11,32,254,GPU
11,32,80,GPU
11,32,50,GPU
11,32,18,GPU
11,33,96,GPU
11,33,6,GPU
11,33,36,GPU
11,33,177,GPU
11,33,117,GPU
11,33,189,GPU
11,33,234,GPU
11,33,198,GPU
11,34,238,GPU
11,34,28,GPU
11,34,52,GPU
11,34,90,GPU
11,34,44,GPU
11,34,107,GPU
11,34,21,GPU
11,34,55,GPU
11,35,49,GPU
11,35,148,GPU
11,35,12,GPU
11,35,190,GPU
11,35,76,GPU
11,35,89,GPU
11,35,212,GPU
11,35,1,GPU
11,36,227,GPU
11,36,147,GPU
11,36,119,GPU
11,36,34,GPU
11,36,234,GPU
11,36,131,GPU
11,36,210,GPU
11,36,74,GPU
11,37,78,GPU
11,37,15,GPU
11,37,105,GPU
11,37,193,GPU
11,37,166,GPU
11,37,27,GPU
11,37,175,GPU
11,37,209,GPU
11,38,139,GPU
11,38,215,GPU
11,38,251,GPU
11,38,119,GPU
11,38,94,GPU
11,38,84,GPU
11,38,97,GPU
11,38,196,GPU
11,39,158,GPU
11,39,72,GPU
11,39,165,GPU
11,39,36,GPU
11,39,122,GPU
11,39,63,GPU
11,39,89,GPU
11,39,244,GPU
12,0,117,GPU
12,0,171,GPU
12,0,185,GPU
12,0,242,GPU
12,0,18,GPU
12,0,187,GPU
12,0,128,GPU
12,0,226,GPU
12,1,13,GPU
12,1,111,GPU
12,1,81,GPU
12,1,43,GPU
12,1,158,GPU
12,1,133,GPU
12,1,107,GPU
12,1,234,GPU
12,2,120,GPU
12,2,107,GPU
12,2,212,GPU
12,2,173,GPU
12,2,236,GPU
12,2,234,GPU
12,2,238,GPU
12,2,117,GPU
12,3,221,GPU
12,3,170,GPU
12,3,188,GPU
12,3,180,GPU
12,3,166,GPU
12,3,202,GPU
12,3,247,GPU
12,3,199,GPU
12,4,139,GPU
12,4,123,GPU
12,4,8,GPU
12,4,55,GPU
12,4,180,GPU
12,4,105,GPU
12,4,154,GPU
12,4,60,GPU
12,5,194,GPU
12,5,114,GPU
12,5,250,GPU
12,5,2,GPU
12,5,3,GPU
12,5,93,GPU
12,5,144,GPU
12,5,172,GPU
12,6,16,GPU
12,6,114,GPU
12,6,3,GPU
12,6,200,GPU
12,6,84,GPU
12,6,79,GPU
12,6,52,GPU
12,6,196,GPU
12,7,79,GPU
12,7,228,GPU
12,7,199,GPU
12,7,28,GPU
12,7,76,GPU
12,7,19,GPU
12,7,66,GPU
12,7,171,GPU
12,8,184,GPU
12,8,212,GPU
12,8,159,GPU
12,8,35,GPU
12,8,112,GPU
12,8,56,GPU
12,8,103,GPU
12,8,52,GPU
12,9,5,GPU
12,9,19,GPU
12,9,178,GPU
12,9,206,GPU
12,9,98,GPU
12,9,47,GPU
12,9,197,GPU
12,9,215,GPU
12,10,163,GPU
12,10,171,GPU
12,10,222,GPU
12,10,252,GPU
12,10,7,GPU
12,10,114,GPU
12,10,9,GPU
12,10,178,GPU
12,11,3,GPU
12,11,116,GPU
12,11,18,GPU
12,11,145,GPU
12,11,111,GPU
12,11,107,GPU
12,11,147,GPU
12,11,130,GPU
12,12,206,GPU
12,12,67,GPU
12,12,39,GPU
12,12,237,GPU
12,12,136,GPU
12,12,139,GPU
12,12,95,GPU
12,12,56,GPU
12,13,113,GPU
12,13,28,GPU
12,13,200,GPU
12,13,123,GPU
12,13,154,GPU
12,13,219,GPU
12,13,222,GPU
12,13,111,GPU
12,14,38,GPU
12,14,167,GPU
12,14,52,GPU
12,14,131,GPU
12,14,114,GPU
12,14,67,GPU
12,14,93,GPU
12,14,252,GPU
12,15,103,GPU
12,15,110,GPU
12,15,142,GPU
12,15,100,GPU
12,15,206,GPU
12,15,162,GPU
12,15,54,GPU
12,15,230,GPU
12,16,179,GPU
12,16,170,GPU
12,16,26,GPU
12,16,20,GPU
12,16,32,GPU
12,16,181,GPU
12,16,31,GPU
12,16,231,GPU
12,17,155,GPU
12,17,187,GPU
12,17,15,GPU
12,17,218,GPU
12,17,242,GPU
12,17,60,GPU
12,17,102,GPU
12,17,166,GPU
12,18,192,GPU
12,18,226,GPU
12,18,251,GPU
12,18,17,GPU
12,18,220,GPU
12,18,218,GPU
12,18,13,GPU
12,18,198,GPU
12,19,137,GPU
12,19,30,GPU
12,19,228,GPU
12,19,252,GPU
12,19,4,GPU
12,19,170,GPU
12,19,197,GPU
12,19,14,GPU
12,20,68,GPU
12,20,224,GPU
12,20,35,GPU
12,20,182,GPU
12,20,41,GPU
12,20,151,GPU
12,20,112,GPU
12,20,171,GPU
12,21,19,GPU
12,21,61,GPU
12,21,206,GPU
12,21,0,GPU
12,21,212,GPU
12,21,102,GPU
12,21,108,GPU
12,21,125,GPU
12,22,163,GPU
12,22,232,GPU
12,22,234,GPU
12,22,34,GPU
12,22,196,GPU
12,22,119,GPU
12,22,187,GPU
12,22,59,GPU
12,23,107,GPU
12,23,111,GPU
12,23,130,GPU
12,23,18,GPU
12,23,49,GPU
12,23,3,GPU
12,23,156,GPU
12,23,145,GPU
12,24,15,GPU
12,24,1,GPU
12,24,67,GPU
12,24,203,GPU
12,24,237,GPU
12,24,95,GPU
12,24,150,GPU
12,24,107,GPU
12,25,113,GPU
12,25,211,GPU
12,25,28,GPU
12,25,111,GPU
12,25,123,GPU
12,25,200,GPU
12,25,32,GPU
12,25,110,GPU
12,26,52,GPU
12,26,131,GPU
12,26,38,GPU
12,26,242,GPU
12,26,137,GPU
12,26,167,GPU
12,26,106,GPU
12,26,180,GPU
12,27,103,GPU
12,27,177,GPU
12,27,155,GPU
12,27,100,GPU
12,27,54,GPU
12,27,110,GPU
12,27,135,GPU
12,27,249,GPU
12,28,179,GPU
12,28,26,GPU
12,28,170,GPU
12,28,31,GPU
12,28,20,GPU
12,28,130,GPU
12,28,119,GPU
12,28,232,GPU
12,29,155,GPU
12,29,187,GPU
12,29,28,GPU
12,29,139,GPU
12,29,102,GPU
12,29,236,GPU
12,29,218,GPU
12,29,137,GPU
12,30,6,GPU
12,30,165,GPU
12,30,97,GPU
12,30,190,GPU
12,30,221,GPU
12,30,2,GPU
12,30,220,GPU
12,30,68,GPU
12,31,14,GPU
12,31,96,GPU
12,31,233,GPU
12,31,30,GPU
12,31,137,GPU
12,31,42,GPU
12,31,28,GPU
12,31,226,GPU
12,32,89,GPU
12,32,17,GPU
12,32,137,GPU
12,32,247,GPU
12,32,107,GPU
12,32,194,GPU
12,32,178,GPU
12,32,50,GPU
12,33,117,GPU
12,33,23,GPU
12,33,214,GPU
12,33,94,GPU
12,33,40,GPU
12,33,81,GPU
12,33,245,GPU
12,33,63,GPU
12,34,54,GPU
12,34,58,GPU
12,34,107,GPU
12,34,19,GPU
12,34,187,GPU
12,34,12,GPU
12,34,141,GPU
12,34,28,GPU
12,35,7,GPU
12,35,12,GPU
12,35,212,GPU
12,35,49,GPU
12,35,214,GPU
12,35,89,GPU
12,35,99,GPU
12,35,110,GPU
12,36,57,GPU
12,36,8,GPU
12,36,0,GPU
12,36,253,GPU
12,36,34,GPU
12,36,119,GPU
12,36,131,GPU
12,36,239,GPU
12,37,105,GPU
12,37,164,GPU
12,37,84,GPU
12,37,57,GPU
12,37,90,GPU
12,37,21,GPU
12,37,241,GPU
12,37,209,GPU
12,38,136,GPU
12,38,22,GPU
12,38,94,GPU
12,38,79,GPU
12,38,86,GPU
12,38,84,GPU
12,38,97,GPU
12,38,37,GPU
12,39,16,GPU
12,39,23,GPU
12,39,68,GPU
12,39,145,GPU
12,39,62,GPU
12,39,241,GPU
12,39,89,GPU
12,39,242,GPU
13,0,1,GPU
13,0,218,GPU
13,0,212,GPU
13,0,3,GPU
13,0,65,GPU
13,0,136,GPU
13,0,33,GPU
13,0,157,GPU
13,1,119,GPU
13,1,153,GPU
13,1,166,GPU
13,1,98,GPU
13,1,190,GPU
13,1,28,GPU
13,1,41,GPU
13,1,200,GPU
13,2,13,GPU
13,2,96,GPU
13,2,5,GPU
13,2,177,GPU
13,2,247,GPU
13,2,1,GPU
13,2,99,GPU
13,2,119,GPU
13,3,202,GPU
13,3,177,GPU
13,3,199,GPU
13,3,148,GPU
13,3,166,GPU
13,3,114,GPU
13,3,167,GPU
13,3,246,GPU
13,4,133,GPU
13,4,123,GPU
13,4,154,GPU
13,4,180,GPU
13,4,139,GPU
13,4,98,GPU
13,4,192,GPU
13,4,2,GPU
13,5,172,GPU
13,5,213,GPU
13,5,31,GPU
13,5,23,GPU
13,5,3,GPU
13,5,158,GPU
13,5,2,GPU
13,5,114,GPU
13,6,39,GPU
13,6,157,GPU
13,6,114,GPU
13,6,79,GPU
13,6,16,GPU
13,6,52,GPU
13,6,243,GPU
13,6,196,GPU
13,7,61,GPU
13,7,79,GPU
13,7,199,GPU
13,7,28,GPU
13,7,76,GPU
13,7,171,GPU
13,7,19,GPU
13,7,228,GPU
13,8,157,GPU
13,8,184,GPU
13,8,247,GPU
13,8,182,GPU
13,8,212,GPU
13,8,56,GPU
13,8,180,GPU
13,8,77,GPU
13,9,160,GPU
13,9,5,GPU
13,9,197,GPU
13,9,98,GPU
13,9,240,GPU
13,9,215,GPU
13,9,87,GPU
13,9,47,GPU
13,10,12,GPU
13,10,98,GPU
13,10,171,GPU
13,10,220,GPU
13,10,234,GPU
13,10,114,GPU
13,10,10,GPU
13,10,196,GPU
13,11,111,GPU
13,11,54,GPU
13,11,158,GPU
13,11,107,GPU
13,11,156,GPU
13,11,202,GPU
13,11,147,GPU
13,11,49,GPU
13,12,206,GPU
13,12,237,GPU
13,12,39,GPU
13,12,157,GPU
13,12,139,GPU
13,12,56,GPU
13,12,180,GPU
13,12,128,GPU
13,13,28,GPU
13,13,42,GPU
13,13,37,GPU
13,13,113,GPU
13,13,154,GPU
13,13,174,GPU
13,13,123,GPU
13,13,111,GPU
13,14,52,GPU
13,14,131,GPU
13,14,252,GPU
13,14,138,GPU
13,14,167,GPU
13,14,67,GPU
13,14,189,GPU
13,14,38,GPU
13,15,110,GPU
13,15,177,GPU
13,15,155,GPU
13,15,206,GPU
13,15,116,GPU
13,15,103,GPU
13,15,100,GPU
13,15,54,GPU
13,16,26,GPU
13,16,170,GPU
13,16,179,GPU
13,16,32,GPU
13,16,232,GPU
13,16,130,GPU
13,16,20,GPU
13,16,31,GPU
13,17,187,GPU
13,17,60,GPU
13,17,69,GPU
13,17,204,GPU
13,17,35,GPU
13,17,166,GPU
13,17,220,GPU
13,17,15,GPU
13,18,220,GPU
13,18,17,GPU
13,18,72,GPU
13,18,2,GPU
13,18,150,GPU
13,18,218,GPU
13,18,192,GPU
13,18,212,GPU
13,19,137,GPU
13,19,96,GPU
13,19,4,GPU
13,19,197,GPU
13,19,132,GPU
13,19,124,GPU
13,19,14,GPU
13,19,252,GPU
13,20,157,GPU
13,20,40,GPU
13,20,151,GPU
13,20,224,GPU
13,20,41,GPU
13,20,3,GPU
13,20,182,GPU
13,20,68,GPU
13,21,0,GPU
13,21,240,GPU
13,21,61,GPU
13,21,160,GPU
13,21,243,GPU
13,21,166,GPU
13,21,134,GPU
13,21,212,GPU
13,22,220,GPU
13,22,34,GPU
13,22,234,GPU
13,22,196,GPU
13,22,19,GPU
13,22,119,GPU
13,22,26,GPU
13,22,12,GPU
13,23,156,GPU
13,23,158,GPU
13,23,107,GPU
13,23,111,GPU
13,23,49,GPU
13,23,56,GPU
13,23,191,GPU
13,23,54,GPU
13,24,203,GPU
13,24,15,GPU
13,24,1,GPU
13,24,95,GPU
13,24,139,GPU
13,24,150,GPU
13,24,66,GPU
13,24,136,GPU
13,25,113,GPU
13,25,42,GPU
13,25,211,GPU
13,25,37,GPU
13,25,110,GPU
13,25,164,GPU
13,25,32,GPU
13,25,123,GPU
13,26,52,GPU
13,26,131,GPU
13,26,242,GPU
13,26,137,GPU
13,26,38,GPU
13,26,167,GPU
13,26,138,GPU
13,26,180,GPU
13,27,177,GPU
13,27,116,GPU
13,27,103,GPU
13,27,51,GPU
13,27,54,GPU
13,27,155,GPU
13,27,100,GPU
13,27,110,GPU
13,28,179,GPU
13,28,201,GPU
13,28,26,GPU
13,28,20,GPU
13,28,232,GPU
13,28,170,GPU
13,28,147,GPU
13,28,119,GPU
13,29,162,GPU
13,29,155,GPU
13,29,187,GPU
13,29,216,GPU
13,29,28,GPU
13,29,139,GPU
13,29,104,GPU
13,29,137,GPU
13,30,72,GPU
13,30,97,GPU
13,30,190,GPU
13,30,221,GPU
13,30,220,GPU
13,30,69,GPU
13,30,165,GPU
13,30,238,GPU
13,31,14,GPU
13,31,135,GPU
13,31,96,GPU
13,31,30,GPU
13,31,42,GPU
13,31,221,GPU
13,31,170,GPU
13,31,226,GPU
13,32,116,GPU
13,32,197,GPU
13,32,178,GPU
13,32,206,GPU
13,32,107,GPU
13,32,37,GPU
13,32,50,GPU
13,32,89,GPU
13,33,59,GPU
13,33,206,GPU
13,33,18,GPU
13,33,40,GPU
13,33,152,GPU
13,33,117,GPU
13,33,105,GPU
13,33,182,GPU
13,34,241,GPU
13,34,11,GPU
13,34,213,GPU
13,34,107,GPU
13,34,152,GPU
13,34,141,GPU
13,34,205,GPU
13,34,177,GPU
13,35,212,GPU
13,35,7,GPU
13,35,244,GPU
13,35,214,GPU
13,35,39,GPU
13,35,12,GPU
13,35,35,GPU
13,35,110,GPU
13,36,57,GPU
13,36,251,GPU
13,36,239,GPU
13,36,129,GPU
13,36,34,GPU
13,36,231,GPU
13,36,198,GPU
13,36,203,GPU
13,37,248,GPU
13,37,105,GPU
13,37,90,GPU
13,37,57,GPU
13,37,14,GPU
13,37,153,GPU
13,37,209,GPU
13,37,21,GPU
13,38,124,GPU
13,38,20,GPU
13,38,86,GPU
13,38,79,GPU
13,38,84,GPU
13,38,97,GPU
13,38,94,GPU
13,38,254,GPU
13,39,62,GPU
13,39,55,GPU
13,39,203,GPU
13,39,13,GPU
13,39,36,GPU
13,39,181,GPU
13,39,242,GPU
13,39,78,GPU
14,0,86,GPU
14,0,136,GPU
14,0,218,GPU
14,0,41,GPU
14,0,65,GPU
14,0,233,GPU
14,0,29,GPU
14,0,2,GPU
14,1,101,GPU
14,1,41,GPU
14,1,116,GPU
14,1,6,GPU
14,1,15,GPU
14,1,22,GPU
14,1,151,GPU
14,1,88,GPU
14,2,48,GPU
14,2,96,GPU
14,2,139,GPU
14,2,182,GPU
14,2,13,GPU
14,2,177,GPU
14,2,247,GPU
14,2,5,GPU
14,3,72,GPU
14,3,202,GPU
14,3,177,GPU
14,3,199,GPU
14,3,218,GPU
14,3,113,GPU
14,3,189,GPU
14,3,73,GPU
14,4,154,GPU
14,4,60,GPU
14,4,123,GPU
14,4,215,GPU
14,4,54,GPU
14,4,68,GPU
14,4,216,GPU
14,4,30,GPU
14,5,67,GPU
14,5,172,GPU
14,5,213,GPU
14,5,31,GPU
14,5,254,GPU
14,5,3,GPU
14,5,23,GPU
14,5,100,GPU
14,6,157,GPU
14,6,245,GPU
14,6,100,GPU
14,6,39,GPU
14,6,114,GPU
14,6,243,GPU
14,6,186,GPU
14,6,196,GPU
14,7,79,GPU
14,7,61,GPU
14,7,32,GPU
14,7,19,GPU
14,7,28,GPU
14,7,169,GPU
14,7,219,GPU
14,7,220,GPU
14,8,242,GPU
14,8,157,GPU
14,8,247,GPU
14,8,56,GPU
14,8,68,GPU
14,8,57,GPU
14,8,77,GPU
14,8,184,GPU
14,9,5,GPU
14,9,98,GPU
14,9,14,GPU
14,9,22,GPU
14,9,197,GPU
14,9,240,GPU
14,9,47,GPU
14,9,87,GPU
14,10,17,GPU
14,10,171,GPU
14,10,114,GPU
14,10,117,GPU
14,10,12,GPU
14,10,220,GPU
14,10,222,GPU
14,10,154,GPU
14,11,158,GPU
14,11,202,GPU
14,11,209,GPU
14,11,151,GPU
14,11,156,GPU
14,11,54,GPU
14,11,207,GPU
14,11,111,GPU
14,12,206,GPU
14,12,166,GPU
14,12,56,GPU
14,12,128,GPU
14,12,157,GPU
14,12,237,GPU
14,12,95,GPU
14,12,94,GPU
14,13,111,GPU
14,13,42,GPU
14,13,113,GPU
14,13,37,GPU
14,13,28,GPU
14,13,123,GPU
14,13,100,GPU
14,13,154,GPU
14,14,241,GPU
14,14,131,GPU
14,14,51,GPU
14,14,218,GPU
14,14,52,GPU
14,14,47,GPU
14,14,83,GPU
14,14,203,GPU
14,15,177,GPU
14,15,110,GPU
14,15,116,GPU
14,15,100,GPU
14,15,230,GPU
14,15,249,GPU
14,15,71,GPU
14,15,54,GPU
14,16,26,GPU
14,16,179,GPU
14,16,170,GPU
14,16,32,GPU
14,16,136,GPU
14,16,20,GPU
14,16,147,GPU
14,16,188,GPU
14,17,187,GPU
14,17,139,GPU
14,17,229,GPU
14,17,104,GPU
14,17,78,GPU
14,17,15,GPU
14,17,206,GPU
14,17,16,GPU
14,18,72,GPU
14,18,237,GPU
14,18,190,GPU
14,18,220,GPU
14,18,165,GPU
14,18,188,GPU
14,18,161,GPU
14,18,97,GPU
14,19,4,GPU
14,19,252,GPU
14,19,71,GPU
14,19,225,GPU
14,19,39,GPU
14,19,218,GPU
14,19,14,GPU
14,19,28,GPU
14,20,242,GPU
14,20,157,GPU
14,20,247,GPU
14,20,68,GPU
14,20,205,GPU
14,20,120,GPU
14,20,184,GPU
14,20,124,GPU
14,21,0,GPU
14,21,22,GPU
14,21,151,GPU
14,21,5,GPU
14,21,240,GPU
14,21,14,GPU
14,21,212,GPU
14,21,95,GPU
14,22,17,GPU
14,22,117,GPU
14,22,123,GPU
14,22,220,GPU
14,22,222,GPU
14,22,63,GPU
14,22,114,GPU
14,22,12,GPU
14,23,156,GPU
14,23,209,GPU
14,23,202,GPU
14,23,158,GPU
14,23,151,GPU
14,23,107,GPU
14,23,208,GPU
14,23,54,GPU
14,24,206,GPU
14,24,139,GPU
14,24,95,GPU
14,24,56,GPU
14,24,1,GPU
14,24,217,GPU
14,24,7,GPU
14,24,138,GPU
14,25,113,GPU
14,25,123,GPU
14,25,42,GPU
14,25,100,GPU
14,25,111,GPU
14,25,199,GPU
14,25,72,GPU
14,25,38,GPU
14,26,52,GPU
14,26,131,GPU
14,26,241,GPU
14,26,218,GPU
14,26,167,GPU
14,26,75,GPU
14,26,180,GPU
14,26,138,GPU
14,27,177,GPU
14,27,142,GPU
14,27,54,GPU
14,27,100,GPU
14,27,249,GPU
14,27,71,GPU
14,27,116,GPU
14,27,135,GPU
14,28,179,GPU
14,28,26,GPU
14,28,147,GPU
14,28,20,GPU
14,28,201,GPU
14,28,21,GPU
14,28,188,GPU
14,28,167,GPU
14,29,229,GPU
14,29,187,GPU
14,29,206,GPU
14,29,141,GPU
14,29,162,GPU
14,29,139,GPU
14,29,78,GPU
14,29,104,GPU
14,30,237,GPU
14,30,190,GPU
14,30,97,GPU
14,30,165,GPU
14,30,72,GPU
14,30,221,GPU
14,30,220,GPU
14,30,44,GPU
14,31,135,GPU
14,31,14,GPU
14,31,71,GPU
14,31,96,GPU
14,31,28,GPU
14,31,170,GPU
14,31,102,GPU
14,31,137,GPU
14,32,75,GPU
14,32,116,GPU
14,32,107,GPU
14,32,37,GPU
14,32,197,GPU
14,32,50,GPU
14,32,206,GPU
14,32,175,GPU
14,33,182,GPU
14,33,40,GPU
14,33,59,GPU
14,33,224,GPU
14,33,63,GPU
14,33,206,GPU
14,33,18,GPU
14,33,5,GPU
14,34,205,GPU
14,34,11,GPU
14,34,152,GPU
14,34,213,GPU
14,34,107,GPU
14,34,227,GPU
14,34,177,GPU
14,34,141,GPU
14,35,132,GPU
14,35,7,GPU
14,35,39,GPU
14,35,99,GPU
14,35,214,GPU
14,35,212,GPU
14,35,244,GPU
14,35,196,GPU
14,36,57,GPU
14,36,251,GPU
14,36,34,GPU
14,36,239,GPU
14,36,129,GPU
14,36,210,GPU
14,36,117,GPU
14,36,99,GPU
14,37,105,GPU
14,37,90,GPU
14,37,57,GPU
14,37,241,GPU
14,37,233,GPU
14,37,240,GPU
14,37,14,GPU
14,37,186,GPU
14,38,124,GPU
14,38,86,GPU
14,38,84,GPU
14,38,79,GPU
14,38,250,GPU
14,38,254,GPU
14,38,18,GPU
14,38,94,GPU
14,39,27,GPU
14,39,36,GPU
14,39,203,GPU
14,39,62,GPU
14,39,55,GPU
14,39,181,GPU
14,39,170,GPU
14,39,72,GPU
