expert_id,activation_count,tokens_routed,load_count,execution_time_sec,avg_batch_size,max_batch_size,cache_hits,cache_misses
0,119,2416,0,0.10772336493391776,20.30252100840336,112,0,0
1,110,2369,0,0.10506573200109415,21.536363636363635,213,0,0
2,113,2360,0,0.07605405295907985,20.884955752212388,172,0,0
3,110,1249,0,0.06583403498370899,11.354545454545455,70,0,0
4,150,1793,0,0.0893882260133978,11.953333333333333,91,0,0
5,124,963,0,0.06643411701952573,7.766129032258065,86,0,0
6,118,1095,0,0.06432605697773397,9.279661016949152,122,0,0
7,118,797,0,0.06168595299095614,6.754237288135593,64,0,0
8,136,1288,0,0.06853343797411071,9.470588235294118,81,0,0
9,122,1582,0,0.06433781500527402,12.967213114754099,177,0,0
10,136,1425,0,0.06673167303961236,10.477941176470589,83,0,0
11,108,1323,0,0.053570061034406535,12.25,129,0,0
12,119,2016,0,0.05620592102786759,16.941176470588236,116,0,0
13,121,2118,0,0.064471988909645,17.50413223140496,231,0,0
14,138,1887,0,0.06675947804615134,13.673913043478262,94,0,0
15,128,1407,0,0.06081485799950315,10.9921875,82,0,0
16,140,2058,0,0.0643765239728964,14.7,115,0,0
17,118,1285,0,0.09232063804665813,10.889830508474576,79,0,0
18,138,2358,0,0.06310798801860074,17.08695652173913,134,0,0
19,127,1326,0,0.05884282698389143,10.440944881889763,107,0,0
20,142,3256,0,0.06828726491949055,22.929577464788732,204,0,0
21,117,981,0,0.1919391010014806,8.384615384615385,76,0,0
22,131,1976,0,0.06012695702520432,15.083969465648854,153,0,0
23,117,1296,0,0.053372757029137574,11.076923076923077,92,0,0
24,99,1278,0,0.044918999963556416,12.909090909090908,80,0,0
25,98,1702,0,0.04458391298976494,17.367346938775512,192,0,0
26,148,2881,0,0.06601698497252073,19.466216216216218,247,0,0
27,140,1775,0,0.06401381304021925,12.678571428571429,153,0,0
28,137,2253,0,0.06294720699224854,16.445255474452555,164,0,0
29,94,1146,0,0.0406388239498483,12.191489361702128,108,0,0
30,109,1398,0,0.04938524692261126,12.825688073394495,101,0,0
31,111,964,0,0.05016797703137854,8.684684684684685,47,0,0
32,153,2556,0,0.06863514795259107,16.705882352941178,137,0,0
33,104,719,0,0.044902873029059265,6.913461538461538,60,0,0
34,120,1386,0,0.05063330801203847,11.55,131,0,0
35,150,3691,0,0.06667342401487986,24.606666666666666,242,0,0
36,135,3490,0,0.05960369893000461,25.85185185185185,251,0,0
37,136,1484,0,0.05826244998752372,10.911764705882353,86,0,0
38,129,1648,0,0.05510006201075157,12.775193798449612,115,0,0
39,139,2759,0,0.06237935700482922,19.848920863309353,174,0,0
40,127,1466,0,0.055221473980054725,11.543307086614174,65,0,0
41,112,2294,0,0.04863027797546238,20.482142857142858,218,0,0
42,137,2142,0,0.05978606103599304,15.635036496350365,243,0,0
43,163,3882,0,0.07416195805853931,23.8159509202454,189,0,0
44,132,2411,0,0.05756319198553683,18.265151515151516,164,0,0
45,127,2333,0,0.055600706989935134,18.37007874015748,227,0,0
46,117,1173,0,0.051239322041510604,10.025641025641026,62,0,0
47,126,2680,0,0.05649813394120429,21.26984126984127,235,0,0
48,127,1215,0,0.0698764280314208,9.566929133858268,66,0,0
49,95,1246,0,0.04038108493841719,13.115789473684211,95,0,0
50,106,1293,0,0.044363008964865,12.19811320754717,98,0,0
51,121,2463,0,0.05236179496569093,20.355371900826448,194,0,0
52,123,1880,0,0.05279306402371731,15.284552845528456,136,0,0
53,113,1766,0,0.04790563700225903,15.628318584070797,180,0,0
54,117,944,0,0.05142407406674465,8.068376068376068,72,0,0
55,119,1286,0,0.05157629600580549,10.806722689075631,160,0,0
56,143,2431,0,0.06248442603100557,17.0,164,0,0
57,114,1696,0,0.04787437199411215,14.87719298245614,165,0,0
58,150,1983,0,0.06482348197459942,13.22,104,0,0
59,123,1404,0,0.05208353306807112,11.414634146341463,84,0,0
60,129,3236,0,0.0561245350036188,25.085271317829456,198,0,0
61,135,1446,0,0.05737170999054797,10.71111111111111,121,0,0
62,126,874,0,0.05349169498367701,6.936507936507937,65,0,0
63,140,2073,0,0.058778283033461776,14.807142857142857,200,0,0
64,146,3766,0,0.06270248502551112,25.794520547945204,286,0,0
65,104,2825,0,0.045970354025484994,27.16346153846154,194,0,0
66,142,1792,0,0.05971471397060668,12.619718309859154,176,0,0
67,108,913,0,0.04405451394995907,8.453703703703704,42,0,0
68,107,1051,0,0.04453037396160653,9.822429906542055,69,0,0
69,112,1294,0,0.0472586119431071,11.553571428571429,105,0,0
70,119,1141,0,0.05006871900695842,9.588235294117647,99,0,0
71,143,1968,0,0.060146236923174,13.762237762237762,81,0,0
72,117,3253,0,0.048845267039723694,27.803418803418804,292,0,0
73,118,1517,0,0.047637311996368226,12.85593220338983,279,0,0
74,108,1487,0,0.044629926975176204,13.768518518518519,70,0,0
75,117,2956,0,0.048719222053478006,25.264957264957264,257,0,0
76,101,763,0,0.04126755600736942,7.554455445544554,47,0,0
77,126,1325,0,0.051404715042735916,10.515873015873016,46,0,0
78,121,1503,0,0.04979552100849105,12.421487603305785,147,0,0
79,119,1130,0,0.049365279024641495,9.495798319327731,168,0,0
80,114,1165,0,0.04716508993442403,10.219298245614034,93,0,0
81,95,1115,0,0.03840159201354254,11.736842105263158,118,0,0
82,108,988,0,0.04392632599774515,9.148148148148149,60,0,0
83,102,1109,0,0.04121964902878972,10.872549019607844,112,0,0
84,123,1409,0,0.0494433880012366,11.455284552845528,205,0,0
85,116,1901,0,0.048186285013798624,16.387931034482758,258,0,0
86,121,1996,0,0.05027682897343766,16.49586776859504,81,0,0
87,146,2699,0,0.061293136968743056,18.486301369863014,138,0,0
88,151,2988,0,0.06358044600347057,19.788079470198674,171,0,0
89,140,3745,0,0.05925995606230572,26.75,193,0,0
90,107,1357,0,0.0442380490276264,12.682242990654206,108,0,0
91,96,903,0,0.038635113029158674,9.40625,69,0,0
92,116,2276,0,0.05940440996346297,19.620689655172413,203,0,0
93,102,2407,0,0.042647351016057655,23.598039215686274,111,0,0
94,113,1735,0,0.04568878401914844,15.353982300884956,149,0,0
95,139,3589,0,0.05943320495134685,25.820143884892087,310,0,0
96,91,1077,0,0.036560978020133916,11.835164835164836,73,0,0
97,109,1116,0,0.044031765981344506,10.238532110091743,106,0,0
98,116,1330,0,0.04615293499955442,11.46551724137931,83,0,0
99,134,1544,0,0.054645088013785426,11.522388059701493,90,0,0
100,120,1496,0,0.049819183004728984,12.466666666666667,74,0,0
101,104,735,0,0.04266482305683894,7.0673076923076925,43,0,0
102,120,1612,0,0.04813741899852175,13.433333333333334,150,0,0
103,140,2703,0,0.057797427019977476,19.307142857142857,215,0,0
104,107,1192,0,0.04266875903704204,11.14018691588785,143,0,0
105,125,1393,0,0.0500273900324828,11.144,125,0,0
106,134,1586,0,0.05452754497673595,11.835820895522389,93,0,0
107,148,2680,0,0.06041492100484902,18.10810810810811,148,0,0
108,149,2730,0,0.06175629498466151,18.322147651006713,156,0,0
109,109,1563,0,0.04425953209283762,14.339449541284404,125,0,0
110,123,1778,0,0.05064805993606569,14.455284552845528,169,0,0
111,96,1658,0,0.0377349020272959,17.270833333333332,128,0,0
112,138,3167,0,0.0569795910269022,22.94927536231884,257,0,0
113,107,1133,0,0.043226862042502034,10.588785046728972,134,0,0
114,112,793,0,0.04462354496354237,7.080357142857143,74,0,0
115,106,1632,0,0.04330873506114585,15.39622641509434,179,0,0
116,152,2773,0,0.061623329973372165,18.24342105263158,115,0,0
117,147,1939,0,0.05929465501685627,13.19047619047619,98,0,0
118,91,472,0,0.0363951639883453,5.186813186813187,47,0,0
119,94,1130,0,0.037322766991565004,12.02127659574468,102,0,0
120,101,2107,0,0.04445336001663236,20.861386138613863,211,0,0
121,111,1663,0,0.044802168013120536,14.981981981981981,154,0,0
122,115,1319,0,0.04690523302269867,11.469565217391304,135,0,0
123,115,1535,0,0.04579675701825181,13.347826086956522,157,0,0
124,140,1933,0,0.05497142103558872,13.807142857142857,100,0,0
125,112,2608,0,0.04590184403787134,23.285714285714285,112,0,0
126,117,1746,0,0.046836876987072174,14.923076923076923,119,0,0
127,134,3463,0,0.05475320896221092,25.84328358208955,388,0,0
128,124,1748,0,0.05000389904307667,14.096774193548388,139,0,0
129,125,1660,0,0.04993098490376724,13.28,114,0,0
130,122,3000,0,0.049517721992742736,24.59016393442623,292,0,0
131,79,405,0,0.03081365700927563,5.1265822784810124,30,0,0
132,135,1875,0,0.0530969299870776,13.88888888888889,98,0,0
133,107,1324,0,0.04246280501683941,12.373831775700934,84,0,0
134,137,3445,0,0.056272433983394876,25.145985401459853,239,0,0
135,115,1095,0,0.04491659802442882,9.521739130434783,75,0,0
136,86,783,0,0.03333705502882367,9.104651162790697,44,0,0
137,135,2654,0,0.054113853999297135,19.659259259259258,199,0,0
138,122,2224,0,0.04961281902069459,18.229508196721312,236,0,0
139,102,1516,0,0.04097340902808355,14.862745098039216,95,0,0
140,90,861,0,0.03583322497433983,9.566666666666666,81,0,0
141,109,1844,0,0.0437209109950345,16.91743119266055,107,0,0
142,98,975,0,0.03959572999883676,9.948979591836734,73,0,0
143,120,1643,0,0.05186439204408089,13.691666666666666,184,0,0
144,115,1421,0,0.04525156798626995,12.356521739130434,87,0,0
145,106,1759,0,0.04227612198155839,16.59433962264151,135,0,0
146,122,1159,0,0.047935437971318606,9.5,90,0,0
147,112,1797,0,0.04497446101595415,16.044642857142858,171,0,0
148,108,1600,0,0.04287060198839754,14.814814814814815,120,0,0
149,113,843,0,0.04400283903669333,7.460176991150442,54,0,0
150,113,2783,0,0.045521806976466905,24.628318584070797,140,0,0
151,134,2384,0,0.05451475505105918,17.791044776119403,259,0,0
152,110,1103,0,0.04377611703966977,10.027272727272727,105,0,0
153,114,1966,0,0.046437426026386674,17.24561403508772,182,0,0
154,116,3185,0,0.0487102999468334,27.45689655172414,256,0,0
155,120,1091,0,0.04885480002849363,9.091666666666667,77,0,0
156,108,1017,0,0.04223776501748944,9.416666666666666,53,0,0
157,127,1518,0,0.05116802898555761,11.952755905511811,106,0,0
158,127,2250,0,0.05178838603023905,17.716535433070867,262,0,0
159,125,1651,0,0.050475058022129815,13.208,85,0,0
160,124,3062,0,0.049863301996083464,24.693548387096776,183,0,0
161,103,1594,0,0.041910643041774165,15.475728155339805,152,0,0
162,133,3085,0,0.054442538996227086,23.195488721804512,244,0,0
163,125,2395,0,0.05168205995869357,19.16,146,0,0
164,105,1427,0,0.04247848695376888,13.59047619047619,150,0,0
165,134,3166,0,0.054745867011661176,23.62686567164179,194,0,0
166,127,1677,0,0.05124836902541574,13.204724409448819,86,0,0
167,134,2993,0,0.05398150405380875,22.33582089552239,99,0,0
168,82,556,0,0.031884370029729325,6.780487804878049,74,0,0
169,112,1655,0,0.045140545029425994,14.776785714285714,125,0,0
170,135,1615,0,0.05378477499471046,11.962962962962964,91,0,0
171,118,1225,0,0.04703798601258313,10.38135593220339,53,0,0
172,109,1590,0,0.043792746982944664,14.587155963302752,166,0,0
173,116,2476,0,0.047143163974396884,21.344827586206897,184,0,0
174,126,1854,0,0.05055327604350168,14.714285714285714,183,0,0
175,125,1656,0,0.04907299297337886,13.248,145,0,0
176,106,1686,0,0.04187514301156625,15.90566037735849,184,0,0
177,115,1177,0,0.04576707205706043,10.234782608695653,103,0,0
178,85,725,0,0.03264101901004324,8.529411764705882,72,0,0
179,103,1297,0,0.04161076900345506,12.592233009708737,152,0,0
180,113,1408,0,0.04662312398431823,12.460176991150442,75,0,0
181,124,991,0,0.05031263599084923,7.991935483870968,65,0,0
182,124,2542,0,0.049990459985565394,20.5,219,0,0
183,114,1604,0,0.04436640095082112,14.070175438596491,94,0,0
184,83,1229,0,0.03250227501121117,14.80722891566265,171,0,0
185,134,2998,0,0.054267835956125055,22.37313432835821,179,0,0
186,118,1567,0,0.04646173805667786,13.279661016949152,158,0,0
187,105,943,0,0.04070355598378228,8.980952380952381,51,0,0
188,121,1391,0,0.04784950397879584,11.49586776859504,105,0,0
189,113,1693,0,0.043994323947117664,14.982300884955752,121,0,0
190,83,802,0,0.03182523199211573,9.662650602409638,122,0,0
191,141,3740,0,0.05726900399895385,26.52482269503546,208,0,0
192,138,2201,0,0.05575302904617274,15.94927536231884,126,0,0
193,97,1480,0,0.037875301990425214,15.257731958762887,116,0,0
194,106,1056,0,0.04154927397030406,9.962264150943396,59,0,0
195,104,2144,0,0.04160574801790062,20.615384615384617,238,0,0
196,132,2490,0,0.05641940103669185,18.863636363636363,191,0,0
197,130,2556,0,0.05187287894659676,19.661538461538463,135,0,0
198,145,1979,0,0.05811166901548859,13.648275862068965,93,0,0
199,127,2756,0,0.051108435007336084,21.700787401574804,160,0,0
200,114,1221,0,0.04480335800326429,10.710526315789474,81,0,0
201,125,1946,0,0.049166611053806264,15.568,165,0,0
202,124,2470,0,0.049322522987495176,19.919354838709676,221,0,0
203,110,2431,0,0.044578323017049115,22.1,174,0,0
204,127,2289,0,0.05029362301866058,18.023622047244096,129,0,0
205,98,1890,0,0.03991538204718381,19.285714285714285,109,0,0
206,128,2217,0,0.050604821008164436,17.3203125,126,0,0
207,99,1167,0,0.03908230202796403,11.787878787878787,72,0,0
208,95,1362,0,0.03740790303709218,14.336842105263157,130,0,0
209,128,2639,0,0.05182883798261173,20.6171875,427,0,0
210,121,1413,0,0.047667780017945915,11.677685950413224,108,0,0
211,113,897,0,0.04460804803238716,7.938053097345133,39,0,0
212,114,1037,0,0.04513834701356245,9.096491228070175,76,0,0
213,111,1342,0,0.04378060505405301,12.09009009009009,127,0,0
214,111,1307,0,0.043397844026912935,11.774774774774775,103,0,0
215,86,676,0,0.03307906898407964,7.8604651162790695,43,0,0
216,95,1122,0,0.036750164996192325,11.810526315789474,93,0,0
217,139,2186,0,0.05504753197601531,15.726618705035971,162,0,0
218,100,1219,0,0.038517031040100846,12.19,157,0,0
219,122,1601,0,0.04727379494579509,13.12295081967213,111,0,0
220,162,2346,0,0.0646625960507663,14.481481481481481,88,0,0
221,109,3906,0,0.04462786900694482,35.8348623853211,337,0,0
222,122,1160,0,0.04754571706143906,9.508196721311476,59,0,0
223,123,1327,0,0.049446058001194615,10.788617886178862,116,0,0
224,121,2323,0,0.04874652197031537,19.198347107438018,182,0,0
225,133,2344,0,0.05353669092437485,17.62406015037594,232,0,0
226,129,1318,0,0.05115028397995047,10.217054263565892,93,0,0
227,95,620,0,0.037934515967208426,6.526315789473684,27,0,0
228,131,1370,0,0.0514643300048192,10.458015267175572,114,0,0
229,154,4001,0,0.06775071097217733,25.98051948051948,274,0,0
230,110,1206,0,0.043150924997462425,10.963636363636363,97,0,0
231,125,1287,0,0.04961480699421372,10.296,76,0,0
232,111,978,0,0.043022102989198174,8.81081081081081,84,0,0
233,131,2085,0,0.051719331051572226,15.916030534351146,106,0,0
234,101,1771,0,0.040244968949991744,17.534653465346533,122,0,0
235,135,1408,0,0.05377032702381257,10.42962962962963,62,0,0
236,107,1234,0,0.042016277941002045,11.532710280373832,80,0,0
237,96,704,0,0.037855598973692395,7.333333333333333,74,0,0
238,136,2002,0,0.05367863699939335,14.720588235294118,135,0,0
239,122,1533,0,0.049037823075195774,12.565573770491802,89,0,0
240,86,362,0,0.03380689201731002,4.209302325581396,16,0,0
241,109,1601,0,0.04390857597900322,14.688073394495413,167,0,0
242,129,1852,0,0.05179141797270859,14.356589147286822,182,0,0
243,112,3145,0,0.04654891704558395,28.080357142857142,243,0,0
244,109,1463,0,0.04241727900807746,13.422018348623853,97,0,0
245,98,1040,0,0.039267569984076545,10.612244897959183,74,0,0
246,116,1316,0,0.04565305298456224,11.344827586206897,67,0,0
247,122,2022,0,0.048479283999768086,16.57377049180328,242,0,0
248,135,2874,0,0.05513985593279358,21.288888888888888,280,0,0
249,99,1422,0,0.039734299964038655,14.363636363636363,212,0,0
250,124,1955,0,0.04920151304395404,15.766129032258064,219,0,0
251,130,1230,0,0.051238383988675196,9.461538461538462,106,0,0
252,137,2578,0,0.05438769198372029,18.817518248175183,176,0,0
253,96,910,0,0.03942357703635935,9.479166666666666,74,0,0
254,152,2156,0,0.06206323999504093,14.18421052631579,174,0,0
255,113,1576,0,0.04471975796332117,13.946902654867257,134,0,0
