layer_id,Embedding,Attention,Linear Attention,Router,Weight Loading,Dispatch Table,Gather,FP8 Dequant,Expert Compute,Scatter,Shared Expert,Merge,GPU Free,Final RMSNorm,LM Head
0,0.0,0.0,2.7003698030011947,0.05380964999767457,5.55473661400265,0.002181331999054237,0.1629309240006478,0.5389112739867414,0.2409765510183206,0.044480669005679374,0.13976811799875577,0.000518233998263895,0.1253174779967594,0.0,0.0,10.635676935005904
1,0.0,0.0,0.5186663040003623,0.003359734997502528,4.312506154999937,0.0022049350018278346,0.13513401999534835,0.5284303769594771,0.16187512302258256,0.03976139700262138,0.05233201800001552,0.00047918000200297683,0.09373287600101321,0.0,0.0,6.787955985981171
2,0.0,0.0,0.4854869519986096,0.0034294580000278074,4.444167520001429,0.0021120479968885775,0.12495237100119994,0.48040036197380687,0.13465641700986453,0.03597900997829129,0.0662238700024318,0.00048548400081926957,0.09269733400014957,0.0,0.0,6.71557432296504
3,0.0,0.649966502001007,0.0,0.004827782000575098,5.134087666000596,0.0020385359994179453,0.12373833800847933,0.4847071640069771,0.13564002098428318,0.03587074699044024,0.055795487998693716,0.0004926569999952335,0.0929024990009566,0.0,0.0,7.567571105992101
4,0.0,0.0,0.546296299999085,0.0035606929977802793,3.945326996999029,0.0021199100019657635,0.11405918799755455,0.4408823819976533,0.12338498599820014,0.033043852993614564,0.05745670999840513,0.0004855899987887824,0.09346297099637013,0.0,0.0,6.134563772979163
5,0.0,0.0,0.5020814230010728,0.0034987180015377817,4.272851347998767,0.002096971000355552,0.11399883602916816,0.43175460100883356,0.12131521501214593,0.032889335005165776,0.05317410200041195,0.0004993539996576146,0.08880284499628033,0.0,0.0,6.386121679053758
6,0.0,0.0,0.5190058550033427,0.003472360003797803,4.47161659700032,0.0020979350038032862,0.10617170600016834,0.40638499197211786,0.12626507901677542,0.031317234014750284,0.056796352999299415,0.0004895960009889677,0.08950116300184163,0.0,0.0,6.541532903017469
7,0.0,0.33883929700004956,0.0,0.0035535159977371222,5.256645081998613,0.0021363759969972307,0.10469844402541639,0.4144862709836161,0.11531105599988223,0.031165680010417418,0.06895585600159393,0.00047828899914748035,0.09045084899935318,0.0,0.0,7.150141165011519
8,0.0,0.0,0.6005709989985917,0.003261456001382612,5.006412782000552,0.0020320010007708333,0.11215236702446418,0.43601815400052146,0.12268197599041741,0.03456160098721739,0.04911708099734824,0.0005029909998484072,0.09012906499992823,0.0,0.0,7.224405588000991
9,0.0,0.0,0.5325379430005341,0.003631130002759164,4.3160261860011815,0.001962991996151686,0.10743095199086383,0.41952768599821866,0.11676264801099023,0.03198597102709755,0.05222954899818433,0.0004830860043512075,0.08993266900051822,0.0,0.0,6.4073002040286156
10,0.0,0.0,0.5502510630003599,0.0034051269985866384,4.256956113003071,0.002054007997685403,0.105683272976421,0.4045511519916545,0.11472450300607306,0.031571090004035796,0.08039187300164485,0.0004667810007958906,0.09039611400021386,0.0,0.0,6.355547601981016
11,0.0,0.3357923980001942,0.0,0.0032749929987403448,3.6339163629991162,0.002148257001863385,0.10437741100849962,0.40148501901239797,0.11330345000078523,0.031039181988489872,0.05864011200083041,0.0005159690008440521,0.09069124999768974,0.0,0.0,5.483095153008435
12,0.0,0.0,0.5460219680035152,0.004315474997383717,3.4215903759995854,0.0019978739983343985,0.10514985298777901,0.4118880689948128,0.11756502200023533,0.03163775600387453,0.05137698999988061,0.00048111300020536873,0.0892112379997343,0.0,0.0,5.505434959983177
13,0.0,0.0,0.48309384099775343,0.003700220998325676,3.341034321000734,0.002183284999773605,0.10287340599006711,0.39691597800720047,0.11284166199129686,0.031073683991053258,0.06328164099977585,0.0004792500003532041,0.08900653199998487,0.0,0.0,5.326977064978564
14,0.0,0.0,0.46085719499751576,0.0033692619999783346,3.461740598999313,0.0019479729990052874,0.1041068609983995,0.40982488399549766,0.11507164099748479,0.03148296199651668,0.060144664000290504,0.0004783450003742473,0.09236935400076618,0.0,0.0,5.458940296983201
15,0.0,0.4983211949993347,0.0,0.003575172999262577,3.79112036800052,0.0020283149988244986,0.10595862598256645,0.41774316897499375,0.11739968900474196,0.032541091993152804,0.06201917199905438,0.00048567999965598574,0.09166424999784795,0.0,0.0,5.854651278951678
16,0.0,0.0,0.49262316900149017,0.00341646199922252,3.0066080449987567,0.0020025260009788326,0.09926686900689674,0.38331735197425587,0.11408033999759937,0.029812154025421478,0.05523258999801328,0.0004679910007325816,0.08777846999873873,0.0,0.0,4.956281181001941
17,0.0,0.0,0.508743193000555,0.0031891779999568826,3.290441055001793,0.0020390969984873664,0.10482440598116227,0.3986368069809032,0.12135197000407061,0.030427232008150895,0.05838243500056706,0.0004959349980708794,0.08990165200157207,0.0,0.0,5.321820446975835
18,0.0,0.0,0.569796365001821,0.0034868599996116245,4.531370585998957,0.002111180998326745,0.10942658399653737,0.42832056198221835,0.11883099799888441,0.03197431901298842,0.12797111200052314,0.0005787389982288005,0.1013857679990906,0.0,0.0,6.774200936988564
19,0.0,0.36807093100196653,0.0,0.0036548370007949416,4.463994381998418,0.002020117997744819,0.1073154169935151,0.4183679560028395,0.11725117203150148,0.03167215602024953,0.06332897300217155,0.0004887799987045582,0.09080180999717413,0.0,0.0,6.400949428048079
20,0.0,0.0,0.5058524439982648,0.0035050520000368124,4.055984942999203,0.0020219660009388463,0.11631149301774713,0.45132078801452735,0.1265999930228645,0.0343249530014873,0.05513718399834033,0.0004823669978577527,0.09172080099961022,0.0,0.0,6.2360265990510015
21,0.0,0.0,0.5041911009984688,0.003372927996679209,3.6335603429988623,0.001923350999277318,0.11654021997037489,0.45770727999752125,0.1271277919977365,0.03414793299543817,0.05066287400222791,0.00047858299967629137,0.09107458699782,0.0,0.0,5.820460729955812
22,0.0,0.0,0.5282001470013711,0.0035846239998136298,3.6141616570021142,0.00210864800192212,0.11007727801461442,0.42961805504819495,0.11929968300592009,0.03239101399049105,0.0697379909997835,0.000492062001285376,0.09340125300150248,0.0,0.0,5.75527961206717
23,0.0,0.4681074739992255,0.0,0.0033000989988067886,8.893975295000928,0.0020970419973309617,0.11472678697009542,0.44508591902012995,0.1251396579964421,0.03398804799053323,0.07075202200030617,0.0004804230011359323,0.08808700000008685,0.0,0.0,11.028038783974807
24,0.0,0.0,0.5443030570013434,0.0037649460009561153,5.220861407000484,0.0024798389995339676,0.11288502797196998,0.43028874899664515,0.12199574000715074,0.03526554202835541,0.06955504600318818,0.0005463459974635043,0.12002717799714446,0.0,0.0,7.424846330004584
25,0.0,0.0,0.5559577659996648,0.004005253002105746,4.425711879996015,0.0021514109994313912,0.11510144998737815,0.43976959198334953,0.12356364301012945,0.0359921210383618,0.0627017180013354,0.0004802590010513086,0.09401795000030688,0.0,0.0,6.637166063020231
26,0.0,0.0,0.5955816809982935,0.0034935159974338603,3.807657720001771,0.0019311529995320598,0.10910344202056876,0.4206496220158442,0.1172558200023559,0.03229550900050526,0.05972737800038885,0.0004740939994007931,0.09092847099964274,0.0,0.0,5.9783602450334
27,0.0,0.40555040599883796,0.0,0.0032796380010040593,4.184421478998047,0.002043370998762839,0.11226360301498062,0.43507442602913216,0.12164972600930923,0.033203512994077755,0.05932369400125026,0.00047704699773021275,0.09132427199892845,0.0,0.0,6.212715210042006
28,0.0,0.0,0.5494959449997623,0.003352865999659116,3.572708813997451,0.0020033970022268477,0.11161930698835931,0.4348447979937191,0.12162726602582552,0.03331918296953518,0.05932790800125076,0.0004920159999528551,0.09102482900016184,0.0,0.0,5.742797850976785
29,0.0,0.0,0.5383128420007779,0.0035383769982217927,3.719025014002,0.002176318999772775,0.11338878801325336,0.4390631770065738,0.12217931598024734,0.033367477011779556,0.062492844002008496,0.0004801699988092878,0.09330208900064463,0.0,0.0,5.897585419014831
30,0.0,0.0,0.5147778459986512,0.0033428800006731763,3.949171135001052,0.002093904997309437,0.12015100700136827,0.46267199197336595,0.1293040349810326,0.03505706297346478,0.06834608299868705,0.0004915269992125104,0.09291053299966734,0.0,0.0,6.19142635492517
31,0.0,0.4308830809977735,0.0,0.0032483070053785923,4.461134516002858,0.002133428000888671,0.11978077300136647,0.47067793097085087,0.13034365500334388,0.035030775019549765,0.059967283999867504,0.0004781379993801238,0.09615404800206306,0.0,0.0,6.63157434200366
32,0.0,0.0,0.5209578139983932,0.0036195819984641275,4.343360318001032,0.0021091299977342715,0.12097193402223638,0.47463329101265117,0.13134908898518916,0.0353007360099582,0.06611055499797658,0.0004896379987258115,0.09329958799935412,0.0,0.0,6.621083949020431
33,0.0,0.0,0.6045336210017922,0.003758407999157498,4.7858811789992615,0.002031237000664987,0.12504777300182468,0.4909388570004012,0.14261659601379506,0.03652251700259512,0.06759588100067049,0.0004915989975415869,0.09465449299841566,0.0,0.0,7.218673138017039
34,0.0,0.0,0.5697962829981407,0.0036232319989721873,4.332175535001625,0.0021578000005320064,0.12286824702096055,0.4818548049970559,0.1335648280055466,0.03617762299199967,0.06161663600050815,0.0004896619993814966,0.09370505499828141,0.0,0.0,6.680490662014563
35,0.0,0.3691929109982084,0.0,0.003382871001122112,4.77421811199838,0.00225801800024783,0.13137022499631712,0.5159306950345126,0.14147440501255915,0.038504343005115516,0.06909342200196988,0.0005041189988332917,0.09527974400134553,0.0,0.0,7.040829299049619
36,0.0,0.0,0.5630160940008864,0.00335470699792495,5.233360788998652,0.0020589949990608147,0.1308900880139845,0.5151832480096346,0.14121447298384737,0.0382979730156876,0.062104364001243084,0.0005078599979242426,0.09760637499584846,0.0,0.0,7.684894125015489
37,0.0,0.0,0.6043250749989966,0.0033494349981992855,4.531427604002602,0.0021965189998809365,0.12937069499912468,0.5009401350080225,0.1387311240132476,0.037277181000717974,0.07933383200179378,0.000490590998197149,0.09545380800227576,0.0,0.0,7.000597534024564
38,0.0,0.0,0.5290002009996897,0.0034077620002790354,4.402944538998781,0.0020707269995909883,0.1257719820150669,0.4876327999973,0.13613918297232885,0.03679475098670082,0.05369989999780955,0.00048356299794249935,0.09398834900002839,0.0,0.0,6.727028986963887
39,0.0,0.3234905480003363,0.0,0.0033472779996372992,4.425888337999822,0.0030542150025212322,0.1354908200173668,0.5138371440070841,0.14410228200631536,0.03888178701618017,0.05709026200202061,0.0005043340006523067,0.09735050000017509,0.0,0.0,6.650641734051533
