token_idx,layer_id,event,vram_mb,ram_mb
0,0,Before Layer 0,4618.06494140625,4119.546875
0,0,After Layer 0,4620.55126953125,5008.27734375
0,1,Before Layer 1,4620.12744140625,5008.28125
0,1,After Layer 1,4622.61376953125,5131.48828125
0,2,Before Layer 2,4622.18994140625,5131.48828125
0,2,After Layer 2,4624.67626953125,5231.859375
0,3,Before Layer 3,4624.25244140625,5231.859375
0,3,After Layer 3,4624.71142578125,5338.38671875
0,4,Before Layer 4,4624.28759765625,5338.38671875
0,4,After Layer 4,4626.77392578125,5529.015625
0,5,Before Layer 5,4626.35009765625,5529.015625
0,5,After Layer 5,4628.83642578125,5606.05078125
0,6,Before Layer 6,4628.41259765625,5606.05078125
0,6,After Layer 6,4630.89892578125,5658.2109375
0,7,Before Layer 7,4630.47509765625,5658.22265625
0,7,After Layer 7,4630.93408203125,5817.609375
0,8,Before Layer 8,4630.51025390625,5817.625
0,8,After Layer 8,4632.99658203125,5873.2578125
0,9,Before Layer 9,4632.57275390625,5873.27734375
0,9,After Layer 9,4635.05908203125,5987.1171875
0,10,Before Layer 10,4634.63525390625,5982.59765625
0,10,After Layer 10,4637.12158203125,6104.4609375
0,11,Before Layer 11,4636.69775390625,6104.48046875
0,11,After Layer 11,4637.15673828125,6228.4765625
0,12,Before Layer 12,4636.73291015625,6228.49609375
0,12,After Layer 12,4639.21923828125,6389.31640625
0,13,Before Layer 13,4638.79541015625,6389.33203125
0,13,After Layer 13,4641.28173828125,6563.359375
0,14,Before Layer 14,4640.85791015625,6563.37890625
0,14,After Layer 14,4643.34423828125,6613.4765625
0,15,Before Layer 15,4642.92041015625,6613.48828125
0,15,After Layer 15,4643.37939453125,6800.8828125
0,16,Before Layer 16,4642.95556640625,6800.8828125
0,16,After Layer 16,4645.44189453125,6910.328125
0,17,Before Layer 17,4645.01806640625,6910.328125
0,17,After Layer 17,4647.50439453125,7072.1328125
0,18,Before Layer 18,4647.08056640625,7072.1328125
0,18,After Layer 18,4649.56689453125,7132.140625
0,19,Before Layer 19,4649.14306640625,7132.140625
0,19,After Layer 19,4649.60205078125,7291.5859375
0,20,Before Layer 20,4649.17822265625,7291.5859375
0,20,After Layer 20,4651.66455078125,7349.078125
0,21,Before Layer 21,4651.24072265625,7349.078125
0,21,After Layer 21,4653.72705078125,7513.33984375
0,22,Before Layer 22,4653.30322265625,7513.33984375
0,22,After Layer 22,4655.78955078125,7711.2578125
0,23,Before Layer 23,4655.36572265625,7711.2578125
0,23,After Layer 23,4655.82470703125,7751.7734375
0,24,Before Layer 24,4655.40087890625,7751.77734375
0,24,After Layer 24,4657.88720703125,7864.42578125
0,25,Before Layer 25,4657.46337890625,7864.42578125
0,25,After Layer 25,4659.94970703125,7965.765625
0,26,Before Layer 26,4659.52587890625,7965.765625
0,26,After Layer 26,4662.01220703125,8049.046875
0,27,Before Layer 27,4661.58837890625,8049.046875
0,27,After Layer 27,4662.04736328125,8116.3828125
0,28,Before Layer 28,4661.62353515625,8116.3828125
0,28,After Layer 28,4664.10986328125,8232.44140625
0,29,Before Layer 29,4663.68603515625,8232.44140625
0,29,After Layer 29,4666.17236328125,8326.6015625
0,30,Before Layer 30,4665.74853515625,8326.6015625
0,30,After Layer 30,4668.23486328125,8417.9296875
0,31,Before Layer 31,4667.81103515625,8417.9296875
0,31,After Layer 31,4668.27001953125,8569.4921875
0,32,Before Layer 32,4667.84619140625,8569.4921875
0,32,After Layer 32,4670.33251953125,8656.5546875
0,33,Before Layer 33,4669.90869140625,8656.5546875
0,33,After Layer 33,4672.39501953125,8749.04296875
0,34,Before Layer 34,4671.97119140625,8749.04296875
0,34,After Layer 34,4674.45751953125,8802.4609375
0,35,Before Layer 35,4674.03369140625,8802.4609375
0,35,After Layer 35,4674.49267578125,8954.609375
0,36,Before Layer 36,4674.06884765625,8954.60546875
0,36,After Layer 36,4676.55517578125,8983.2734375
0,37,Before Layer 37,4676.13134765625,8982.33203125
0,37,After Layer 37,4678.61767578125,9115.62109375
0,38,Before Layer 38,4678.19384765625,9115.62109375
0,38,After Layer 38,4680.68017578125,9153.31640625
0,39,Before Layer 39,4680.25634765625,9153.31640625
0,39,After Layer 39,4680.71533203125,9306.171875
1,0,Before Layer 0,4689.6943359375,9280.4140625
1,0,After Layer 0,5439.71875,9239.8984375
1,1,Before Layer 1,5439.6943359375,9239.8984375
1,1,After Layer 1,5439.71875,9256.87109375
1,2,Before Layer 2,5439.6943359375,9256.87109375
1,2,After Layer 2,5439.71875,9270.27734375
1,3,Before Layer 3,5439.6943359375,9270.27734375
1,3,After Layer 3,5439.720703125,9287.48828125
1,4,Before Layer 4,5439.6962890625,9287.48828125
1,4,After Layer 4,5439.720703125,9297.31640625
1,5,Before Layer 5,5439.6962890625,9297.31640625
1,5,After Layer 5,5439.720703125,9307.5
1,6,Before Layer 6,5439.6962890625,9307.5
1,6,After Layer 6,5439.720703125,9272.8671875
1,7,Before Layer 7,5439.6962890625,9272.5
1,7,After Layer 7,5439.72265625,9212.76171875
1,8,Before Layer 8,5439.6982421875,9212.76171875
1,8,After Layer 8,5439.72265625,9217.57421875
1,9,Before Layer 9,5439.6982421875,9217.57421875
1,9,After Layer 9,5439.72265625,9227.5546875
1,10,Before Layer 10,5439.6982421875,9227.5546875
1,10,After Layer 10,5439.72265625,9232.98046875
1,11,Before Layer 11,5439.6982421875,9232.98046875
1,11,After Layer 11,5439.724609375,9240.609375
1,12,Before Layer 12,5439.7001953125,9240.609375
1,12,After Layer 12,5439.724609375,9249.890625
1,13,Before Layer 13,5439.7001953125,9249.890625
1,13,After Layer 13,5439.724609375,9257.2109375
1,14,Before Layer 14,5439.7001953125,9257.2109375
1,14,After Layer 14,5439.724609375,9261.28515625
1,15,Before Layer 15,5439.7001953125,9261.28515625
1,15,After Layer 15,5439.7265625,9267.703125
1,16,Before Layer 16,5439.7021484375,9267.703125
1,16,After Layer 16,5439.7265625,9271.87890625
1,17,Before Layer 17,5439.7021484375,9271.87890625
1,17,After Layer 17,5439.7265625,9275.5390625
1,18,Before Layer 18,5439.7021484375,9275.5390625
1,18,After Layer 18,5439.7265625,9285.69921875
1,19,Before Layer 19,5439.7021484375,9285.69921875
1,19,After Layer 19,5439.728515625,9293.38671875
1,20,Before Layer 20,5439.7041015625,9293.38671875
1,20,After Layer 20,5439.728515625,9304.703125
1,21,Before Layer 21,5439.7041015625,9304.703125
1,21,After Layer 21,5439.728515625,9315.65234375
1,22,Before Layer 22,5439.7041015625,9315.65234375
1,22,After Layer 22,5439.728515625,9325.8671875
1,23,Before Layer 23,5439.7041015625,9325.8671875
1,23,After Layer 23,5439.73046875,9339.66015625
1,24,Before Layer 24,5439.7060546875,9339.66015625
1,24,After Layer 24,5439.73046875,9329.86328125
1,25,Before Layer 25,5439.7060546875,9329.859375
1,25,After Layer 25,5439.73046875,9285.65625
1,26,Before Layer 26,5439.7060546875,9285.15234375
1,26,After Layer 26,5439.73046875,9259.59375
1,27,Before Layer 27,5439.7060546875,9259.59375
1,27,After Layer 27,5439.732421875,9268.95703125
1,28,Before Layer 28,5439.7080078125,9268.95703125
1,28,After Layer 28,5439.732421875,9278.2734375
1,29,Before Layer 29,5439.7080078125,9278.2734375
1,29,After Layer 29,5439.732421875,9290.52734375
1,30,Before Layer 30,5439.7080078125,9290.52734375
1,30,After Layer 30,5439.732421875,9299.71484375
1,31,Before Layer 31,5439.7080078125,9299.71484375
1,31,After Layer 31,5439.734375,9312.15625
1,32,Before Layer 32,5439.7099609375,9312.15625
1,32,After Layer 32,5439.734375,9327.21875
1,33,Before Layer 33,5439.7099609375,9327.21875
1,33,After Layer 33,5439.734375,9339.55078125
1,34,Before Layer 34,5439.7099609375,9339.55078125
1,34,After Layer 34,5439.734375,9353.296875
1,35,Before Layer 35,5439.7099609375,9351.4296875
1,35,After Layer 35,5439.736328125,9301.4296875
1,36,Before Layer 36,5439.7119140625,9301.35546875
1,36,After Layer 36,5439.736328125,9288.76953125
1,37,Before Layer 37,5439.7119140625,9288.76953125
1,37,After Layer 37,5439.736328125,9301.39453125
1,38,Before Layer 38,5439.7119140625,9301.39453125
1,38,After Layer 38,5439.736328125,9316.9609375
1,39,Before Layer 39,5439.7119140625,9316.9609375
1,39,After Layer 39,5439.73828125,9326.0859375
2,0,Before Layer 0,5431.662109375,9326.0859375
2,0,After Layer 0,5431.6865234375,9339.34765625
2,1,Before Layer 1,5431.662109375,9339.34765625
2,1,After Layer 1,5431.6865234375,9353.44921875
2,2,Before Layer 2,5431.662109375,9353.44921875
2,2,After Layer 2,5431.6865234375,9364.16015625
2,3,Before Layer 3,5431.662109375,9364.16015625
2,3,After Layer 3,5431.6884765625,9351.88671875
2,4,Before Layer 4,5431.6640625,9351.1328125
2,4,After Layer 4,5431.6884765625,9293.88671875
2,5,Before Layer 5,5431.6640625,9292.7109375
2,5,After Layer 5,5431.6884765625,9300.45703125
2,6,Before Layer 6,5431.6640625,9300.45703125
2,6,After Layer 6,5431.6884765625,9241.41015625
2,7,Before Layer 7,5431.6640625,9241.23046875
2,7,After Layer 7,5431.6904296875,9227.2734375
2,8,Before Layer 8,5431.666015625,9227.2734375
2,8,After Layer 8,5431.6904296875,9232.515625
2,9,Before Layer 9,5431.666015625,9232.515625
2,9,After Layer 9,5431.6904296875,9240.19140625
2,10,Before Layer 10,5431.666015625,9240.19140625
2,10,After Layer 10,5431.6904296875,9248.87890625
2,11,Before Layer 11,5431.666015625,9248.87890625
2,11,After Layer 11,5431.6923828125,9258.50390625
2,12,Before Layer 12,5431.66796875,9258.50390625
2,12,After Layer 12,5431.6923828125,9265.5546875
2,13,Before Layer 13,5431.66796875,9265.5546875
2,13,After Layer 13,5431.6923828125,9269.5390625
2,14,Before Layer 14,5431.66796875,9269.5390625
2,14,After Layer 14,5431.6923828125,9272.66796875
2,15,Before Layer 15,5431.66796875,9272.66796875
2,15,After Layer 15,5431.6943359375,9280.62109375
2,16,Before Layer 16,5431.669921875,9280.62109375
2,16,After Layer 16,5431.6943359375,9286.00390625
2,17,Before Layer 17,5431.669921875,9286.00390625
2,17,After Layer 17,5431.6943359375,9298.83984375
2,18,Before Layer 18,5431.669921875,9298.83984375
2,18,After Layer 18,5431.6943359375,9303.70703125
2,19,Before Layer 19,5431.669921875,9303.70703125
2,19,After Layer 19,5431.6962890625,9255.47265625
2,20,Before Layer 20,5431.671875,9254.15234375
2,20,After Layer 20,5431.6962890625,9217.08203125
2,21,Before Layer 21,5431.671875,9217.08203125
2,21,After Layer 21,5431.6962890625,9224.37109375
2,22,Before Layer 22,5431.671875,9224.37109375
2,22,After Layer 22,5431.6962890625,9231.2890625
2,23,Before Layer 23,5431.671875,9231.2890625
2,23,After Layer 23,5431.6982421875,9236.06640625
2,24,Before Layer 24,5431.673828125,9236.06640625
2,24,After Layer 24,5431.6982421875,9249.0078125
2,25,Before Layer 25,5431.673828125,9249.0078125
2,25,After Layer 25,5431.6982421875,9258.4453125
2,26,Before Layer 26,5431.673828125,9258.4453125
2,26,After Layer 26,5431.6982421875,9265.96875
2,27,Before Layer 27,5431.673828125,9265.96875
2,27,After Layer 27,5431.7001953125,9273.91015625
2,28,Before Layer 28,5431.67578125,9273.91015625
2,28,After Layer 28,5431.7001953125,9274.7578125
2,29,Before Layer 29,5431.67578125,9274.7578125
2,29,After Layer 29,5431.7001953125,9278.0859375
2,30,Before Layer 30,5431.67578125,9278.0859375
2,30,After Layer 30,5431.7001953125,9281.21484375
2,31,Before Layer 31,5431.67578125,9281.21484375
2,31,After Layer 31,5431.7021484375,9290.71484375
2,32,Before Layer 32,5431.677734375,9290.71484375
2,32,After Layer 32,5431.7021484375,9300.61328125
2,33,Before Layer 33,5431.677734375,9299.21875
2,33,After Layer 33,5431.7021484375,9272.0859375
2,34,Before Layer 34,5431.677734375,9271.54296875
2,34,After Layer 34,5431.7021484375,9226.36328125
2,35,Before Layer 35,5431.677734375,9226.36328125
2,35,After Layer 35,5431.7041015625,9226.36328125
2,36,Before Layer 36,5431.6796875,9226.36328125
2,36,After Layer 36,5431.7041015625,9232.61328125
2,37,Before Layer 37,5431.6796875,9232.61328125
2,37,After Layer 37,5431.7041015625,9235.6171875
2,38,Before Layer 38,5431.6796875,9235.6171875
2,38,After Layer 38,5431.7041015625,9244.9921875
2,39,Before Layer 39,5431.6796875,9244.9921875
2,39,After Layer 39,5431.7060546875,9235.01171875
3,0,Before Layer 0,5431.681640625,9212.62109375
3,0,After Layer 0,5431.7060546875,9168.3046875
3,1,Before Layer 1,5431.681640625,9168.3046875
3,1,After Layer 1,5431.7060546875,9185.8515625
3,2,Before Layer 2,5431.681640625,9185.8515625
3,2,After Layer 2,5431.7060546875,9197.25390625
3,3,Before Layer 3,5431.681640625,9197.25390625
3,3,After Layer 3,5431.7080078125,9208.94140625
3,4,Before Layer 4,5431.68359375,9208.29296875
3,4,After Layer 4,5431.7080078125,9154.34765625
3,5,Before Layer 5,5431.68359375,9154.29296875
3,5,After Layer 5,5431.7080078125,9125.24609375
3,6,Before Layer 6,5431.68359375,9125.24609375
3,6,After Layer 6,5431.7080078125,9134.5859375
3,7,Before Layer 7,5431.68359375,9134.5859375
3,7,After Layer 7,5431.7099609375,9143.02734375
3,8,Before Layer 8,5431.685546875,9143.02734375
3,8,After Layer 8,5431.7099609375,9149.609375
3,9,Before Layer 9,5431.685546875,9149.609375
3,9,After Layer 9,5431.7099609375,9161.2265625
3,10,Before Layer 10,5431.685546875,9161.2265625
3,10,After Layer 10,5431.7099609375,9169.53515625
3,11,Before Layer 11,5431.685546875,9169.53515625
3,11,After Layer 11,5431.7119140625,9176.890625
3,12,Before Layer 12,5431.6875,9176.890625
3,12,After Layer 12,5431.7119140625,9183.640625
3,13,Before Layer 13,5431.6875,9183.64453125
3,13,After Layer 13,5431.7119140625,9192.5078125
3,14,Before Layer 14,5431.6875,9192.5078125
3,14,After Layer 14,5431.7119140625,9199.03125
3,15,Before Layer 15,5431.6875,9199.03125
3,15,After Layer 15,5431.7138671875,9209.6171875
3,16,Before Layer 16,5431.689453125,9209.6171875
3,16,After Layer 16,5431.7138671875,9213.64453125
3,17,Before Layer 17,5431.689453125,9213.6484375
3,17,After Layer 17,5431.7138671875,9213.98046875
3,18,Before Layer 18,5431.689453125,9213.98046875
3,18,After Layer 18,5431.7138671875,9218.37890625
3,19,Before Layer 19,5431.689453125,9218.37890625
3,19,After Layer 19,5431.7158203125,9223.26171875
3,20,Before Layer 20,5431.69140625,9223.265625
3,20,After Layer 20,5431.7158203125,9230.484375
3,21,Before Layer 21,5431.69140625,9230.48828125
3,21,After Layer 21,5431.7158203125,9233.3125
3,22,Before Layer 22,5431.69140625,9233.3125
3,22,After Layer 22,5431.7158203125,9235.296875
3,23,Before Layer 23,5431.69140625,9235.296875
3,23,After Layer 23,5431.7177734375,9237.54296875
3,24,Before Layer 24,5431.693359375,9237.55078125
3,24,After Layer 24,5431.7177734375,9240.8828125
3,25,Before Layer 25,5431.693359375,9240.890625
3,25,After Layer 25,5431.7177734375,9207.83203125
3,26,Before Layer 26,5431.693359375,9206.6796875
3,26,After Layer 26,5431.7177734375,9180.49609375
3,27,Before Layer 27,5431.693359375,9180.05078125
3,27,After Layer 27,5431.7197265625,9180.34765625
3,28,Before Layer 28,5431.6953125,9180.34765625
3,28,After Layer 28,5431.7197265625,9191.0546875
3,29,Before Layer 29,5431.6953125,9191.0546875
3,29,After Layer 29,5431.7197265625,9197.93359375
3,30,Before Layer 30,5431.6953125,9197.93359375
3,30,After Layer 30,5431.7197265625,9202.2421875
3,31,Before Layer 31,5431.6953125,9202.2421875
3,31,After Layer 31,5431.7216796875,9203.2890625
3,32,Before Layer 32,5431.697265625,9203.29296875
3,32,After Layer 32,5431.7216796875,9206.171875
3,33,Before Layer 33,5431.697265625,9206.1796875
3,33,After Layer 33,5431.7216796875,9209.19140625
3,34,Before Layer 34,5431.697265625,9209.1953125
3,34,After Layer 34,5431.7216796875,9209.20703125
3,35,Before Layer 35,5431.697265625,9209.21484375
3,35,After Layer 35,5431.7236328125,9209.23828125
3,36,Before Layer 36,5431.69921875,9209.24609375
3,36,After Layer 36,5431.7236328125,9209.26171875
3,37,Before Layer 37,5431.69921875,9209.28125
3,37,After Layer 37,5431.7236328125,9215.40625
3,38,Before Layer 38,5431.69921875,9215.40625
3,38,After Layer 38,5431.7236328125,9224.59765625
3,39,Before Layer 39,5431.69921875,9224.59765625
3,39,After Layer 39,5431.7255859375,9227.15234375
4,0,Before Layer 0,5431.701171875,9212.7890625
4,0,After Layer 0,5431.7255859375,9157.2109375
4,1,Before Layer 1,5431.701171875,9157.2109375
4,1,After Layer 1,5431.7255859375,9170.83203125
4,2,Before Layer 2,5431.701171875,9170.83203125
4,2,After Layer 2,5431.7255859375,9180.9453125
4,3,Before Layer 3,5431.701171875,9180.9453125
4,3,After Layer 3,5431.7275390625,9192.8515625
4,4,Before Layer 4,5431.703125,9192.8515625
4,4,After Layer 4,5431.7275390625,9205.93359375
4,5,Before Layer 5,5431.703125,9205.93359375
4,5,After Layer 5,5431.7275390625,9209.72265625
4,6,Before Layer 6,5431.703125,9209.38671875
4,6,After Layer 6,5431.7275390625,9143.5390625
4,7,Before Layer 7,5431.703125,9143.5390625
4,7,After Layer 7,5431.7294921875,9157.33984375
4,8,Before Layer 8,5431.705078125,9157.33984375
4,8,After Layer 8,5431.7294921875,9165.6015625
4,9,Before Layer 9,5431.705078125,9165.6015625
4,9,After Layer 9,5431.7294921875,9175.47265625
4,10,Before Layer 10,5431.705078125,9175.4765625
4,10,After Layer 10,5431.7294921875,9188.7421875
4,11,Before Layer 11,5431.705078125,9188.7421875
4,11,After Layer 11,5431.7314453125,9200.65234375
4,12,Before Layer 12,5431.70703125,9200.65234375
4,12,After Layer 12,5431.7314453125,9154.1171875
4,13,Before Layer 13,5431.70703125,9152.3984375
4,13,After Layer 13,5431.7314453125,9068.0234375
4,14,Before Layer 14,5431.70703125,9066.79296875
4,14,After Layer 14,5431.7314453125,9042.24609375
4,15,Before Layer 15,5431.70703125,9042.24609375
4,15,After Layer 15,5431.7333984375,9055.36328125
4,16,Before Layer 16,5431.708984375,9055.36328125
4,16,After Layer 16,5431.7333984375,9059.87890625
4,17,Before Layer 17,5431.708984375,9059.50390625
4,17,After Layer 17,5431.7333984375,8976.50390625
4,18,Before Layer 18,5431.708984375,8976.5078125
4,18,After Layer 18,5431.7333984375,8985.8515625
4,19,Before Layer 19,5431.708984375,8985.8515625
4,19,After Layer 19,5431.7353515625,8993.52734375
4,20,Before Layer 20,5431.7109375,8993.52734375
4,20,After Layer 20,5431.7353515625,9003.92578125
4,21,Before Layer 21,5431.7109375,9003.9296875
4,21,After Layer 21,5431.7353515625,9007.83203125
4,22,Before Layer 22,5431.7109375,9007.8359375
4,22,After Layer 22,5431.7353515625,9015.0
4,23,Before Layer 23,5431.7109375,9015.00390625
4,23,After Layer 23,5431.7373046875,9021.8046875
4,24,Before Layer 24,5431.712890625,9021.8046875
4,24,After Layer 24,5431.7373046875,9028.2734375
4,25,Before Layer 25,5431.712890625,9028.2734375
4,25,After Layer 25,5431.7373046875,9029.91015625
4,26,Before Layer 26,5431.712890625,9029.91015625
4,26,After Layer 26,5431.7373046875,9037.7890625
4,27,Before Layer 27,5431.712890625,9037.79296875
4,27,After Layer 27,5431.7392578125,9024.25390625
4,28,Before Layer 28,5431.71484375,9023.4453125
4,28,After Layer 28,5431.7392578125,8963.2109375
4,29,Before Layer 29,5431.71484375,8963.2109375
4,29,After Layer 29,5431.7392578125,8965.3125
4,30,Before Layer 30,5431.71484375,8965.31640625
4,30,After Layer 30,5431.7392578125,8969.7890625
4,31,Before Layer 31,5431.71484375,8969.79296875
4,31,After Layer 31,5431.7412109375,8973.828125
4,32,Before Layer 32,5431.716796875,8973.828125
4,32,After Layer 32,5431.7412109375,8981.48046875
4,33,Before Layer 33,5431.716796875,8981.43359375
4,33,After Layer 33,5431.7412109375,8967.74609375
4,34,Before Layer 34,5431.716796875,8967.44140625
4,34,After Layer 34,5431.7412109375,8925.5234375
4,35,Before Layer 35,5431.716796875,8925.53125
4,35,After Layer 35,5431.7431640625,8925.53515625
4,36,Before Layer 36,5431.71875,8925.53515625
4,36,After Layer 36,5431.7431640625,8928.5390625
4,37,Before Layer 37,5431.71875,8928.5390625
4,37,After Layer 37,5431.7431640625,8934.54296875
4,38,Before Layer 38,5431.71875,8934.54296875
4,38,After Layer 38,5431.7431640625,8934.5546875
4,39,Before Layer 39,5431.71875,8934.5625
4,39,After Layer 39,5431.7451171875,8940.7578125
5,0,Before Layer 0,5431.720703125,8940.79296875
5,0,After Layer 0,5431.7451171875,8945.7578125
5,1,Before Layer 1,5431.720703125,8945.7578125
5,1,After Layer 1,5431.7451171875,8959.109375
5,2,Before Layer 2,5431.720703125,8959.11328125
5,2,After Layer 2,5431.7451171875,8968.453125
5,3,Before Layer 3,5431.720703125,8968.453125
5,3,After Layer 3,5431.7470703125,8978.015625
5,4,Before Layer 4,5431.72265625,8978.015625
5,4,After Layer 4,5431.7470703125,8985.5859375
5,5,Before Layer 5,5431.72265625,8985.5859375
5,5,After Layer 5,5431.7470703125,8990.80859375
5,6,Before Layer 6,5431.72265625,8990.80859375
5,6,After Layer 6,5431.7470703125,8992.68359375
5,7,Before Layer 7,5431.72265625,8992.68359375
5,7,After Layer 7,5431.7490234375,8998.375
5,8,Before Layer 8,5431.724609375,8998.37890625
5,8,After Layer 8,5431.7490234375,8998.38671875
5,9,Before Layer 9,5431.724609375,8998.38671875
5,9,After Layer 9,5431.7490234375,9000.0859375
5,10,Before Layer 10,5431.724609375,9000.09375
5,10,After Layer 10,5431.7490234375,9005.0546875
5,11,Before Layer 11,5431.724609375,9005.06640625
5,11,After Layer 11,5431.7509765625,9014.24609375
5,12,Before Layer 12,5431.7265625,9014.24609375
5,12,After Layer 12,5431.7509765625,9014.25
5,13,Before Layer 13,5431.7265625,9014.25
5,13,After Layer 13,5431.7509765625,9017.375
5,14,Before Layer 14,5431.7265625,9017.375
5,14,After Layer 14,5431.7509765625,9017.06640625
5,15,Before Layer 15,5431.7265625,9017.06640625
5,15,After Layer 15,5431.7529296875,9022.0703125
5,16,Before Layer 16,5431.728515625,9022.0703125
5,16,After Layer 16,5431.7529296875,9025.21484375
5,17,Before Layer 17,5431.728515625,9025.21484375
5,17,After Layer 17,5431.7529296875,9027.28125
5,18,Before Layer 18,5431.728515625,9027.28515625
5,18,After Layer 18,5431.7529296875,9031.12109375
5,19,Before Layer 19,5431.728515625,9031.125
5,19,After Layer 19,5431.7548828125,9034.5859375
5,20,Before Layer 20,5431.73046875,9034.59765625
5,20,After Layer 20,5431.7548828125,9036.96484375
5,21,Before Layer 21,5431.73046875,9036.98046875
5,21,After Layer 21,5431.7548828125,9040.24609375
5,22,Before Layer 22,5431.73046875,9040.26171875
5,22,After Layer 22,5431.7548828125,9042.4765625
5,23,Before Layer 23,5431.73046875,9042.49609375
5,23,After Layer 23,5431.7568359375,9051.3984375
5,24,Before Layer 24,5431.732421875,9051.42578125
5,24,After Layer 24,5431.7568359375,9055.09765625
5,25,Before Layer 25,5431.732421875,9182.41015625
5,25,After Layer 25,5431.7568359375,9185.90625
5,26,Before Layer 26,5431.732421875,9185.90625
5,26,After Layer 26,5431.7568359375,9189.515625
5,27,Before Layer 27,5431.732421875,9189.515625
5,27,After Layer 27,5431.7587890625,9195.70703125
5,28,Before Layer 28,5431.734375,9195.70703125
5,28,After Layer 28,5431.7587890625,9198.8359375
5,29,Before Layer 29,5431.734375,9198.8359375
5,29,After Layer 29,5431.7587890625,9201.41015625
5,30,Before Layer 30,5431.734375,9201.41015625
5,30,After Layer 30,5431.7587890625,9204.40625
5,31,Before Layer 31,5431.734375,9204.40625
5,31,After Layer 31,5431.7607421875,9113.58984375
5,32,Before Layer 32,5431.736328125,9113.58984375
5,32,After Layer 32,5431.7607421875,9117.109375
5,33,Before Layer 33,5431.736328125,9117.109375
5,33,After Layer 33,5431.7607421875,9123.4375
5,34,Before Layer 34,5431.736328125,9123.4375
5,34,After Layer 34,5431.7607421875,9124.5390625
5,35,Before Layer 35,5431.736328125,9124.5390625
5,35,After Layer 35,5431.7626953125,9127.73046875
5,36,Before Layer 36,5431.73828125,9127.73046875
5,36,After Layer 36,5431.7626953125,9130.859375
5,37,Before Layer 37,5431.73828125,9130.859375
5,37,After Layer 37,5431.7626953125,9143.109375
5,38,Before Layer 38,5431.73828125,9143.109375
5,38,After Layer 38,5431.7626953125,9152.23828125
5,39,Before Layer 39,5431.73828125,9152.23828125
5,39,After Layer 39,5431.7646484375,9164.4296875
6,0,Before Layer 0,5431.740234375,9164.44921875
6,0,After Layer 0,5431.7646484375,9184.62109375
6,1,Before Layer 1,5431.740234375,9184.62109375
6,1,After Layer 1,5431.7646484375,9193.75
6,2,Before Layer 2,5431.740234375,9193.75
6,2,After Layer 2,5431.7646484375,9204.52734375
6,3,Before Layer 3,5431.740234375,9204.52734375
6,3,After Layer 3,5431.7666015625,9218.234375
6,4,Before Layer 4,5431.7421875,9218.234375
6,4,After Layer 4,5431.7666015625,9142.1171875
6,5,Before Layer 5,5431.7421875,9142.1171875
6,5,After Layer 5,5431.7666015625,9157.625
6,6,Before Layer 6,5431.7421875,9157.625
6,6,After Layer 6,5431.7666015625,9162.60546875
6,7,Before Layer 7,5431.7421875,9162.60546875
6,7,After Layer 7,5431.7685546875,9172.171875
6,8,Before Layer 8,5431.744140625,9172.171875
6,8,After Layer 8,5431.7685546875,9178.51171875
6,9,Before Layer 9,5431.744140625,9178.51171875
6,9,After Layer 9,5431.7685546875,9189.296875
6,10,Before Layer 10,5431.744140625,9189.296875
6,10,After Layer 10,5431.7685546875,9191.15234375
6,11,Before Layer 11,5431.744140625,9191.15234375
6,11,After Layer 11,5431.7705078125,9195.3203125
6,12,Before Layer 12,5431.74609375,9195.32421875
6,12,After Layer 12,5431.7705078125,9197.59765625
6,13,Before Layer 13,5431.74609375,9197.6015625
6,13,After Layer 13,5431.7705078125,9200.9921875
6,14,Before Layer 14,5431.74609375,9200.99609375
6,14,After Layer 14,5431.7705078125,9203.09765625
6,15,Before Layer 15,5431.74609375,9203.09765625
6,15,After Layer 15,5431.7724609375,9206.578125
6,16,Before Layer 16,5431.748046875,9206.578125
6,16,After Layer 16,5431.7724609375,9208.484375
6,17,Before Layer 17,5431.748046875,9208.48828125
6,17,After Layer 17,5431.7724609375,9209.16796875
6,18,Before Layer 18,5431.748046875,9209.171875
6,18,After Layer 18,5431.7724609375,9136.08984375
6,19,Before Layer 19,5431.748046875,9136.08984375
6,19,After Layer 19,5431.7744140625,9136.15625
6,20,Before Layer 20,5431.75,9136.15625
6,20,After Layer 20,5431.7744140625,9139.7890625
6,21,Before Layer 21,5431.75,9139.7890625
6,21,After Layer 21,5431.7744140625,9149.109375
6,22,Before Layer 22,5431.75,9149.109375
6,22,After Layer 22,5431.7744140625,9152.30078125
6,23,Before Layer 23,5431.75,9152.30078125
6,23,After Layer 23,5431.7763671875,9158.0546875
6,24,Before Layer 24,5431.751953125,9158.0546875
6,24,After Layer 24,5431.7763671875,9161.35546875
6,25,Before Layer 25,5431.751953125,9161.35546875
6,25,After Layer 25,5431.7763671875,9167.35546875
6,26,Before Layer 26,5431.751953125,9167.35546875
6,26,After Layer 26,5431.7763671875,9167.6796875
6,27,Before Layer 27,5431.751953125,9167.6796875
6,27,After Layer 27,5431.7783203125,9171.41015625
6,28,Before Layer 28,5431.75390625,9171.4140625
6,28,After Layer 28,5431.7783203125,9180.64453125
6,29,Before Layer 29,5431.75390625,9180.6484375
6,29,After Layer 29,5431.7783203125,9189.76171875
6,30,Before Layer 30,5431.75390625,9189.76171875
6,30,After Layer 30,5431.7783203125,9192.8984375
6,31,Before Layer 31,5431.75390625,9192.8984375
6,31,After Layer 31,5431.7802734375,9194.51171875
6,32,Before Layer 32,5431.755859375,9194.51171875
6,32,After Layer 32,5431.7802734375,9199.42578125
6,33,Before Layer 33,5431.755859375,9199.42578125
6,33,After Layer 33,5431.7802734375,9209.93359375
6,34,Before Layer 34,5431.755859375,9209.93359375
6,34,After Layer 34,5431.7802734375,9216.68359375
6,35,Before Layer 35,5431.755859375,9216.68359375
6,35,After Layer 35,5431.7822265625,9219.75390625
6,36,Before Layer 36,5431.7578125,9219.75390625
6,36,After Layer 36,5431.7822265625,9193.94921875
6,37,Before Layer 37,5431.7578125,9193.94921875
6,37,After Layer 37,5431.7822265625,9195.96484375
6,38,Before Layer 38,5431.7578125,9195.96875
6,38,After Layer 38,5431.7822265625,9195.96875
6,39,Before Layer 39,5431.7578125,9195.96875
6,39,After Layer 39,5431.7841796875,9195.96875
7,0,Before Layer 0,5431.759765625,9195.984375
7,0,After Layer 0,5431.7841796875,9173.91015625
7,1,Before Layer 1,5431.759765625,9173.7421875
7,1,After Layer 1,5431.7841796875,9157.9140625
7,2,Before Layer 2,5431.759765625,9157.89453125
7,2,After Layer 2,5431.7841796875,9174.91015625
7,3,Before Layer 3,5431.759765625,9174.88671875
7,3,After Layer 3,5431.7861328125,9180.296875
7,4,Before Layer 4,5431.76171875,9180.2890625
7,4,After Layer 4,5431.7861328125,9186.90625
7,5,Before Layer 5,5431.76171875,9186.890625
7,5,After Layer 5,5431.7861328125,9190.82421875
7,6,Before Layer 6,5431.76171875,9190.80859375
7,6,After Layer 6,5431.7861328125,9193.375
7,7,Before Layer 7,5431.76171875,9193.19921875
7,7,After Layer 7,5431.7880859375,9196.46875
7,8,Before Layer 8,5431.763671875,9196.44140625
7,8,After Layer 8,5431.7880859375,9205.33203125
7,9,Before Layer 9,5431.763671875,9205.31640625
7,9,After Layer 9,5431.7880859375,9206.60546875
7,10,Before Layer 10,5431.763671875,9206.609375
7,10,After Layer 10,5431.7880859375,9208.5703125
7,11,Before Layer 11,5431.763671875,9208.55078125
7,11,After Layer 11,5431.7900390625,9209.68359375
7,12,Before Layer 12,5431.765625,9209.62890625
7,12,After Layer 12,5431.7900390625,9212.546875
7,13,Before Layer 13,5431.765625,9212.515625
7,13,After Layer 13,5431.7900390625,9207.0859375
7,14,Before Layer 14,5431.765625,9207.0546875
7,14,After Layer 14,5431.7900390625,9201.109375
7,15,Before Layer 15,5431.765625,9201.08984375
7,15,After Layer 15,5431.7919921875,9190.73046875
7,16,Before Layer 16,5431.767578125,9190.6796875
7,16,After Layer 16,5431.7919921875,9167.6328125
7,17,Before Layer 17,5431.767578125,9167.59765625
7,17,After Layer 17,5431.7919921875,9166.2890625
7,18,Before Layer 18,5431.767578125,9166.265625
7,18,After Layer 18,5431.7919921875,9155.81640625
7,19,Before Layer 19,5431.767578125,9155.765625
7,19,After Layer 19,5431.7939453125,9121.78125
7,20,Before Layer 20,5431.76953125,9121.75390625
7,20,After Layer 20,5431.7939453125,9084.62109375
7,21,Before Layer 21,5431.76953125,9084.41015625
7,21,After Layer 21,5431.7939453125,9069.09765625
7,22,Before Layer 22,5431.76953125,9069.02734375
7,22,After Layer 22,5431.7939453125,9027.4609375
7,23,Before Layer 23,5431.76953125,9027.44140625
7,23,After Layer 23,5431.7958984375,9025.4921875
7,24,Before Layer 24,5431.771484375,9025.4609375
7,24,After Layer 24,5431.7958984375,9017.64453125
7,25,Before Layer 25,5431.771484375,9017.62109375
7,25,After Layer 25,5431.7958984375,9022.89453125
7,26,Before Layer 26,5431.771484375,9022.87109375
7,26,After Layer 26,5431.7958984375,9027.125
7,27,Before Layer 27,5431.771484375,9027.11328125
7,27,After Layer 27,5431.7978515625,9035.04296875
7,28,Before Layer 28,5431.7734375,9035.01953125
7,28,After Layer 28,5431.7978515625,9035.14453125
7,29,Before Layer 29,5431.7734375,9035.12109375
7,29,After Layer 29,5431.7978515625,9021.0703125
7,30,Before Layer 30,5431.7734375,9021.0390625
7,30,After Layer 30,5431.7978515625,9009.4296875
7,31,Before Layer 31,5431.7734375,9009.3828125
7,31,After Layer 31,5431.7998046875,9000.20703125
7,32,Before Layer 32,5431.775390625,9000.18359375
7,32,After Layer 32,5431.7998046875,9004.359375
7,33,Before Layer 33,5431.775390625,9004.3359375
7,33,After Layer 33,5431.7998046875,8994.41015625
7,34,Before Layer 34,5431.775390625,8994.39453125
7,34,After Layer 34,5431.7998046875,8985.5625
7,35,Before Layer 35,5431.775390625,8985.55859375
7,35,After Layer 35,5431.8017578125,8978.328125
7,36,Before Layer 36,5431.77734375,8978.3125
7,36,After Layer 36,5431.8017578125,8974.046875
7,37,Before Layer 37,5431.77734375,8974.0390625
7,37,After Layer 37,5431.8017578125,8966.41796875
7,38,Before Layer 38,5431.77734375,8966.38671875
7,38,After Layer 38,5431.8017578125,8961.79296875
7,39,Before Layer 39,5431.77734375,8961.7734375
7,39,After Layer 39,5431.8037109375,8957.29296875
8,0,Before Layer 0,5431.779296875,8956.5625
8,0,After Layer 0,5431.8037109375,8962.9609375
8,1,Before Layer 1,5431.779296875,8962.96484375
8,1,After Layer 1,5431.8037109375,8970.109375
8,2,Before Layer 2,5431.779296875,8970.11328125
8,2,After Layer 2,5431.8037109375,8973.1484375
8,3,Before Layer 3,5431.779296875,8973.15234375
8,3,After Layer 3,5431.8056640625,8975.24609375
8,4,Before Layer 4,5431.78125,8975.2578125
8,4,After Layer 4,5431.8056640625,8980.34375
8,5,Before Layer 5,5431.78125,8980.34765625
8,5,After Layer 5,5431.8056640625,8989.65234375
8,6,Before Layer 6,5431.78125,8989.66796875
8,6,After Layer 6,5431.8056640625,9004.5
8,7,Before Layer 7,5431.78125,9004.5
8,7,After Layer 7,5431.8076171875,9009.48828125
8,8,Before Layer 8,5431.783203125,9009.48828125
8,8,After Layer 8,5431.8076171875,9011.48828125
8,9,Before Layer 9,5431.783203125,9011.4921875
8,9,After Layer 9,5431.8076171875,9018.1328125
8,10,Before Layer 10,5431.783203125,9018.1328125
8,10,After Layer 10,5431.8076171875,9026.5390625
8,11,Before Layer 11,5431.783203125,9026.5390625
8,11,After Layer 11,5431.8095703125,9032.81640625
8,12,Before Layer 12,5431.78515625,9032.828125
8,12,After Layer 12,5431.8095703125,9035.3359375
8,13,Before Layer 13,5431.78515625,9035.3359375
8,13,After Layer 13,5431.8095703125,9041.32421875
8,14,Before Layer 14,5431.78515625,9041.328125
8,14,After Layer 14,5431.8095703125,9045.296875
8,15,Before Layer 15,5431.78515625,9045.296875
8,15,After Layer 15,5431.8115234375,9051.28515625
8,16,Before Layer 16,5431.787109375,9051.2890625
8,16,After Layer 16,5431.8115234375,9063.0390625
8,17,Before Layer 17,5431.787109375,9063.05078125
8,17,After Layer 17,5431.8115234375,9065.9140625
8,18,Before Layer 18,5431.787109375,9065.6640625
8,18,After Layer 18,5431.8115234375,9065.5859375
8,19,Before Layer 19,5431.787109375,9065.5859375
8,19,After Layer 19,5431.8134765625,9069.5234375
8,20,Before Layer 20,5431.7890625,9069.5234375
8,20,After Layer 20,5431.8134765625,9071.90625
8,21,Before Layer 21,5431.7890625,9071.91015625
8,21,After Layer 21,5431.8134765625,9077.1328125
8,22,Before Layer 22,5431.7890625,9077.14453125
8,22,After Layer 22,5431.8134765625,9077.265625
8,23,Before Layer 23,5431.7890625,9077.26953125
8,23,After Layer 23,5431.8154296875,9077.296875
8,24,Before Layer 24,5431.791015625,9077.3046875
8,24,After Layer 24,5431.8154296875,9080.41015625
8,25,Before Layer 25,5431.791015625,9080.4140625
8,25,After Layer 25,5431.8154296875,9080.66015625
8,26,Before Layer 26,5431.791015625,9080.66015625
8,26,After Layer 26,5431.8154296875,9034.94921875
8,27,Before Layer 27,5431.791015625,9034.94921875
8,27,After Layer 27,5431.8173828125,9038.15234375
8,28,Before Layer 28,5431.79296875,9038.15234375
8,28,After Layer 28,5431.8173828125,9041.40625
8,29,Before Layer 29,5431.79296875,9041.40625
8,29,After Layer 29,5431.8173828125,9044.56640625
8,30,Before Layer 30,5431.79296875,9044.56640625
8,30,After Layer 30,5431.8173828125,9047.78125
8,31,Before Layer 31,5431.79296875,9047.78515625
8,31,After Layer 31,5431.8193359375,9047.79296875
8,32,Before Layer 32,5431.794921875,9047.796875
8,32,After Layer 32,5431.8193359375,9053.9609375
8,33,Before Layer 33,5431.794921875,9053.9765625
8,33,After Layer 33,5431.8193359375,9057.14453125
8,34,Before Layer 34,5431.794921875,9057.16015625
8,34,After Layer 34,5431.8193359375,9057.36328125
8,35,Before Layer 35,5431.794921875,9057.37890625
8,35,After Layer 35,5431.8212890625,9060.86328125
8,36,Before Layer 36,5431.796875,9060.8828125
8,36,After Layer 36,5431.8212890625,9060.8984375
8,37,Before Layer 37,5431.796875,9060.91015625
8,37,After Layer 37,5431.8212890625,9060.99609375
8,38,Before Layer 38,5431.796875,9061.00390625
8,38,After Layer 38,5431.8212890625,9064.1640625
8,39,Before Layer 39,5431.796875,9064.1640625
8,39,After Layer 39,5431.8232421875,9067.36328125
9,0,Before Layer 0,5431.798828125,9067.39453125
9,0,After Layer 0,5431.8232421875,9070.5
9,1,Before Layer 1,5431.798828125,9070.5078125
9,1,After Layer 1,5431.8232421875,9079.71875
9,2,Before Layer 2,5431.798828125,9079.71875
9,2,After Layer 2,5431.8232421875,9086.171875
9,3,Before Layer 3,5431.798828125,9086.171875
9,3,After Layer 3,5431.8251953125,9092.8125
9,4,Before Layer 4,5431.80078125,9092.81640625
9,4,After Layer 4,5431.8251953125,9095.96484375
9,5,Before Layer 5,5431.80078125,9095.96484375
9,5,After Layer 5,5431.8251953125,9095.0703125
9,6,Before Layer 6,5431.80078125,9095.0703125
9,6,After Layer 6,5431.8251953125,9079.59375
9,7,Before Layer 7,5431.80078125,9079.59375
9,7,After Layer 7,5431.8271484375,9082.80078125
9,8,Before Layer 8,5431.802734375,9082.80078125
9,8,After Layer 8,5431.8271484375,9085.9453125
9,9,Before Layer 9,5431.802734375,9085.94921875
9,9,After Layer 9,5431.8271484375,9092.140625
9,10,Before Layer 10,5431.802734375,9092.140625
9,10,After Layer 10,5431.8271484375,9095.65234375
9,11,Before Layer 11,5431.802734375,9095.65625
9,11,After Layer 11,5431.8291015625,9095.84765625
9,12,Before Layer 12,5431.8046875,9095.84765625
9,12,After Layer 12,5431.8291015625,9104.4765625
9,13,Before Layer 13,5431.8046875,9104.4765625
9,13,After Layer 13,5431.8291015625,9109.40625
9,14,Before Layer 14,5431.8046875,9109.41015625
9,14,After Layer 14,5431.8291015625,9112.54296875
9,15,Before Layer 15,5431.8046875,9112.546875
9,15,After Layer 15,5431.8310546875,9118.42578125
9,16,Before Layer 16,5431.806640625,9118.43359375
9,16,After Layer 16,5431.8310546875,9118.171875
9,17,Before Layer 17,5431.806640625,9118.015625
9,17,After Layer 17,5431.8310546875,9092.4609375
9,18,Before Layer 18,5431.806640625,9091.5859375
9,18,After Layer 18,5431.8310546875,9083.65625
9,19,Before Layer 19,5431.806640625,9083.65625
9,19,After Layer 19,5431.8330078125,9086.84375
9,20,Before Layer 20,5431.80859375,9086.84375
9,20,After Layer 20,5431.8330078125,9087.40234375
9,21,Before Layer 21,5431.80859375,9087.40234375
9,21,After Layer 21,5431.8330078125,9087.55859375
9,22,Before Layer 22,5431.80859375,9087.5625
9,22,After Layer 22,5431.8330078125,9087.78125
9,23,Before Layer 23,5431.80859375,9087.78125
9,23,After Layer 23,5431.8349609375,9091.17578125
9,24,Before Layer 24,5431.810546875,9091.17578125
9,24,After Layer 24,5431.8349609375,9094.4921875
9,25,Before Layer 25,5431.810546875,9094.4921875
9,25,After Layer 25,5431.8349609375,9097.7578125
9,26,Before Layer 26,5431.810546875,9097.7578125
9,26,After Layer 26,5431.8349609375,9097.76953125
9,27,Before Layer 27,5431.810546875,9097.76953125
9,27,After Layer 27,5431.8369140625,9097.7734375
9,28,Before Layer 28,5431.8125,9097.7734375
9,28,After Layer 28,5431.8369140625,9104.0546875
9,29,Before Layer 29,5431.8125,9104.05859375
9,29,After Layer 29,5431.8369140625,9107.1953125
9,30,Before Layer 30,5431.8125,9107.20703125
9,30,After Layer 30,5431.8369140625,9108.18359375
9,31,Before Layer 31,5431.8125,9108.19921875
9,31,After Layer 31,5431.8388671875,9109.58203125
9,32,Before Layer 32,5431.814453125,9109.5859375
9,32,After Layer 32,5431.8388671875,9110.79296875
9,33,Before Layer 33,5431.814453125,9110.79296875
9,33,After Layer 33,5431.8388671875,9115.04296875
9,34,Before Layer 34,5431.814453125,9115.04296875
9,34,After Layer 34,5431.8388671875,9119.19140625
9,35,Before Layer 35,5431.814453125,9119.19140625
9,35,After Layer 35,5431.8408203125,9119.27734375
9,36,Before Layer 36,5431.81640625,9119.28125
9,36,After Layer 36,5431.8408203125,9125.78125
9,37,Before Layer 37,5431.81640625,9125.78125
9,37,After Layer 37,5431.8408203125,9129.14453125
9,38,Before Layer 38,5431.81640625,9129.14453125
9,38,After Layer 38,5431.8408203125,9129.21484375
9,39,Before Layer 39,5431.81640625,9129.21484375
9,39,After Layer 39,5431.8427734375,9132.2421875
10,0,Before Layer 0,5431.818359375,9130.76953125
10,0,After Layer 0,5431.8427734375,9141.4765625
10,1,Before Layer 1,5431.818359375,9141.4765625
10,1,After Layer 1,5431.8427734375,9108.17578125
10,2,Before Layer 2,5431.818359375,9107.78515625
10,2,After Layer 2,5431.8427734375,9114.0390625
10,3,Before Layer 3,5431.818359375,9114.0390625
10,3,After Layer 3,5431.8447265625,9120.046875
10,4,Before Layer 4,5431.8203125,9120.046875
10,4,After Layer 4,5431.8447265625,9123.05078125
10,5,Before Layer 5,5431.8203125,9123.05078125
10,5,After Layer 5,5431.8447265625,9125.61328125
10,6,Before Layer 6,5431.8203125,9125.61328125
10,6,After Layer 6,5431.8447265625,9128.7578125
10,7,Before Layer 7,5431.8203125,9128.7578125
10,7,After Layer 7,5431.8466796875,9131.203125
10,8,Before Layer 8,5431.822265625,9131.203125
10,8,After Layer 8,5431.8466796875,9131.46484375
10,9,Before Layer 9,5431.822265625,9131.46875
10,9,After Layer 9,5431.8466796875,9131.2734375
10,10,Before Layer 10,5431.822265625,9131.27734375
10,10,After Layer 10,5431.8466796875,9102.82421875
10,11,Before Layer 11,5431.822265625,9102.828125
10,11,After Layer 11,5431.8486328125,9084.3828125
10,12,Before Layer 12,5431.82421875,9084.38671875
10,12,After Layer 12,5431.8486328125,9087.48828125
10,13,Before Layer 13,5431.82421875,9087.4921875
10,13,After Layer 13,5431.8486328125,9088.19140625
10,14,Before Layer 14,5431.82421875,9088.20703125
10,14,After Layer 14,5431.8486328125,9094.4609375
10,15,Before Layer 15,5431.82421875,9094.4609375
10,15,After Layer 15,5431.8505859375,9098.0703125
10,16,Before Layer 16,5431.826171875,9098.07421875
10,16,After Layer 16,5431.8505859375,9101.33203125
10,17,Before Layer 17,5431.826171875,9101.33203125
10,17,After Layer 17,5431.8505859375,9104.4765625
10,18,Before Layer 18,5431.826171875,9104.4765625
10,18,After Layer 18,5431.8505859375,9111.75390625
10,19,Before Layer 19,5431.826171875,9111.75390625
10,19,After Layer 19,5431.8525390625,9111.75390625
10,20,Before Layer 20,5431.828125,9111.75390625
10,20,After Layer 20,5431.8525390625,9111.7578125
10,21,Before Layer 21,5431.828125,9111.7578125
10,21,After Layer 21,5431.8525390625,9111.8828125
10,22,Before Layer 22,5431.828125,9111.8828125
10,22,After Layer 22,5431.8525390625,9113.578125
10,23,Before Layer 23,5431.828125,9113.578125
10,23,After Layer 23,5431.8544921875,9113.70703125
10,24,Before Layer 24,5431.830078125,9113.70703125
10,24,After Layer 24,5431.8544921875,9119.9296875
10,25,Before Layer 25,5431.830078125,9119.93359375
10,25,After Layer 25,5431.8544921875,9119.94921875
10,26,Before Layer 26,5431.830078125,9119.96484375
10,26,After Layer 26,5431.8544921875,9123.66796875
10,27,Before Layer 27,5431.830078125,9123.6796875
10,27,After Layer 27,5431.8564453125,9126.90234375
10,28,Before Layer 28,5431.83203125,9126.9140625
10,28,After Layer 28,5431.8564453125,9128.07421875
10,29,Before Layer 29,5431.83203125,9128.07421875
10,29,After Layer 29,5431.8564453125,9130.12890625
10,30,Before Layer 30,5431.83203125,9130.12890625
10,30,After Layer 30,5431.8564453125,9133.31640625
10,31,Before Layer 31,5431.83203125,9133.31640625
10,31,After Layer 31,5431.8583984375,9133.31640625
10,32,Before Layer 32,5431.833984375,9133.31640625
10,32,After Layer 32,5431.8583984375,9136.41015625
10,33,Before Layer 33,5431.833984375,9136.41015625
10,33,After Layer 33,5431.8583984375,9141.46484375
10,34,Before Layer 34,5431.833984375,9141.46484375
10,34,After Layer 34,5431.8583984375,9141.4609375
10,35,Before Layer 35,5431.833984375,9141.4609375
10,35,After Layer 35,5431.8603515625,9091.4609375
10,36,Before Layer 36,5431.8359375,9089.44921875
10,36,After Layer 36,5431.8603515625,9067.93359375
10,37,Before Layer 37,5431.8359375,9067.93359375
10,37,After Layer 37,5431.8603515625,9076.93359375
10,38,Before Layer 38,5431.8359375,9076.93359375
10,38,After Layer 38,5431.8603515625,9083.05859375
10,39,Before Layer 39,5431.8359375,9083.05859375
10,39,After Layer 39,5431.8623046875,9083.5
11,0,Before Layer 0,5431.837890625,9083.5234375
11,0,After Layer 0,5431.8623046875,9094.82421875
11,1,Before Layer 1,5431.837890625,9094.82421875
11,1,After Layer 1,5431.8623046875,9110.19140625
11,2,Before Layer 2,5431.837890625,9110.19140625
11,2,After Layer 2,5431.8623046875,9116.44140625
11,3,Before Layer 3,5431.837890625,9116.44140625
11,3,After Layer 3,5431.8642578125,9114.46875
11,4,Before Layer 4,5431.83984375,9113.5859375
11,4,After Layer 4,5431.8642578125,9044.1015625
11,5,Before Layer 5,5431.83984375,9044.1015625
11,5,After Layer 5,5431.8642578125,9048.875
11,6,Before Layer 6,5431.83984375,9048.875
11,6,After Layer 6,5431.8642578125,9048.890625
11,7,Before Layer 7,5431.83984375,9048.890625
11,7,After Layer 7,5431.8662109375,8961.14453125
11,8,Before Layer 8,5431.841796875,8961.14453125
11,8,After Layer 8,5431.8662109375,8970.54296875
11,9,Before Layer 9,5431.841796875,8970.546875
11,9,After Layer 9,5431.8662109375,8970.62890625
11,10,Before Layer 10,5431.841796875,8970.6328125
11,10,After Layer 10,5431.8662109375,8979.90234375
11,11,Before Layer 11,5431.841796875,8979.90625
11,11,After Layer 11,5431.8681640625,8988.7890625
11,12,Before Layer 12,5431.84375,8988.79296875
11,12,After Layer 12,5431.8681640625,8991.92578125
11,13,Before Layer 13,5431.84375,8991.92578125
11,13,After Layer 13,5431.8681640625,8993.98828125
11,14,Before Layer 14,5431.84375,8993.9921875
11,14,After Layer 14,5431.8681640625,8997.23828125
11,15,Before Layer 15,5431.84375,8997.2421875
11,15,After Layer 15,5431.8701171875,8999.55859375
11,16,Before Layer 16,5431.845703125,8999.55859375
11,16,After Layer 16,5431.8701171875,9002.55859375
11,17,Before Layer 17,5431.845703125,9002.55859375
11,17,After Layer 17,5431.8701171875,9008.81640625
11,18,Before Layer 18,5431.845703125,9008.81640625
11,18,After Layer 18,5431.8701171875,9011.3203125
11,19,Before Layer 19,5431.845703125,9011.3203125
11,19,After Layer 19,5431.8720703125,9017.46875
11,20,Before Layer 20,5431.84765625,9017.46875
11,20,After Layer 20,5431.8720703125,9029.05078125
11,21,Before Layer 21,5431.84765625,9029.05078125
11,21,After Layer 21,5431.8720703125,9036.78515625
11,22,Before Layer 22,5431.84765625,9036.78515625
11,22,After Layer 22,5431.8720703125,9039.953125
11,23,Before Layer 23,5431.84765625,9039.95703125
11,23,After Layer 23,5431.8740234375,9043.2734375
11,24,Before Layer 24,5431.849609375,9043.28125
11,24,After Layer 24,5431.8740234375,9049.7109375
11,25,Before Layer 25,5431.849609375,9049.7109375
11,25,After Layer 25,5431.8740234375,9054.32421875
11,26,Before Layer 26,5431.849609375,9054.32421875
11,26,After Layer 26,5431.8740234375,9056.40234375
11,27,Before Layer 27,5431.849609375,9056.40234375
11,27,After Layer 27,5431.8759765625,9058.171875
11,28,Before Layer 28,5431.8515625,9058.171875
11,28,After Layer 28,5431.8759765625,9058.6015625
11,29,Before Layer 29,5431.8515625,9058.6015625
11,29,After Layer 29,5431.8759765625,9058.953125
11,30,Before Layer 30,5431.8515625,9058.953125
11,30,After Layer 30,5431.8759765625,9062.35546875
11,31,Before Layer 31,5431.8515625,9062.35546875
11,31,After Layer 31,5431.8779296875,9065.546875
11,32,Before Layer 32,5431.853515625,9065.55078125
11,32,After Layer 32,5431.8779296875,9069.30078125
11,33,Before Layer 33,5431.853515625,9069.3046875
11,33,After Layer 33,5431.8779296875,9069.69921875
11,34,Before Layer 34,5431.853515625,9069.69921875
11,34,After Layer 34,5431.8779296875,9075.9140625
11,35,Before Layer 35,5431.853515625,9075.9140625
11,35,After Layer 35,5431.8798828125,9076.48828125
11,36,Before Layer 36,5431.85546875,9076.48828125
11,36,After Layer 36,5431.8798828125,9082.30078125
11,37,Before Layer 37,5431.85546875,9082.30078125
11,37,After Layer 37,5431.8798828125,9085.30859375
11,38,Before Layer 38,5431.85546875,9085.30859375
11,38,After Layer 38,5431.8798828125,9085.30859375
11,39,Before Layer 39,5431.85546875,9085.30859375
11,39,After Layer 39,5431.8818359375,9091.44140625
12,0,Before Layer 0,5431.857421875,9091.4765625
12,0,After Layer 0,5431.8818359375,9106.84765625
12,1,Before Layer 1,5431.857421875,9106.84765625
12,1,After Layer 1,5431.8818359375,9116.16015625
12,2,Before Layer 2,5431.857421875,9116.16015625
12,2,After Layer 2,5431.8818359375,9125.4765625
12,3,Before Layer 3,5431.857421875,9125.4765625
12,3,After Layer 3,5431.8837890625,9137.7265625
12,4,Before Layer 4,5431.859375,9137.7265625
12,4,After Layer 4,5431.8837890625,9143.98828125
12,5,Before Layer 5,5431.859375,9143.98828125
12,5,After Layer 5,5431.8837890625,9153.3671875
12,6,Before Layer 6,5431.859375,9153.3671875
12,6,After Layer 6,5431.8837890625,9060.66015625
12,7,Before Layer 7,5431.859375,9060.66015625
12,7,After Layer 7,5431.8857421875,9070.04296875
12,8,Before Layer 8,5431.861328125,9070.04296875
12,8,After Layer 8,5431.8857421875,9070.05078125
12,9,Before Layer 9,5431.861328125,9070.0546875
12,9,After Layer 9,5431.8857421875,9070.0625
12,10,Before Layer 10,5431.861328125,9070.06640625
12,10,After Layer 10,5431.8857421875,9073.06640625
12,11,Before Layer 11,5431.861328125,9073.06640625
12,11,After Layer 11,5431.8876953125,9076.2578125
12,12,Before Layer 12,5431.86328125,9076.2578125
12,12,After Layer 12,5431.8876953125,9082.59765625
12,13,Before Layer 13,5431.86328125,9082.59765625
12,13,After Layer 13,5431.8876953125,9091.609375
12,14,Before Layer 14,5431.86328125,9091.609375
12,14,After Layer 14,5431.8876953125,9094.74609375
12,15,Before Layer 15,5431.86328125,9094.74609375
12,15,After Layer 15,5431.8896484375,9094.875
12,16,Before Layer 16,5431.865234375,9094.875
12,16,After Layer 16,5431.8896484375,9098.0
12,17,Before Layer 17,5431.865234375,9098.0
12,17,After Layer 17,5431.8896484375,9104.265625
12,18,Before Layer 18,5431.865234375,9104.26953125
12,18,After Layer 18,5431.8896484375,9107.3359375
12,19,Before Layer 19,5431.865234375,9107.33984375
12,19,After Layer 19,5431.8916015625,9107.359375
12,20,Before Layer 20,5431.8671875,9107.375
12,20,After Layer 20,5431.8916015625,9110.515625
12,21,Before Layer 21,5431.8671875,9110.53125
12,21,After Layer 21,5431.8916015625,9116.68359375
12,22,Before Layer 22,5431.8671875,9116.6953125
12,22,After Layer 22,5431.8916015625,9122.9765625
12,23,Before Layer 23,5431.8671875,9122.98828125
12,23,After Layer 23,5431.8935546875,9132.31640625
12,24,Before Layer 24,5431.869140625,9132.31640625
12,24,After Layer 24,5431.8935546875,9138.3203125
12,25,Before Layer 25,5431.869140625,9138.3203125
12,25,After Layer 25,5431.8935546875,9141.3203125
12,26,Before Layer 26,5431.869140625,9141.3203125
12,26,After Layer 26,5431.8935546875,9144.4453125
12,27,Before Layer 27,5431.869140625,9144.44921875
12,27,After Layer 27,5431.8955078125,9144.44921875
12,28,Before Layer 28,5431.87109375,9144.44921875
12,28,After Layer 28,5431.8955078125,9147.328125
12,29,Before Layer 29,5431.87109375,9147.328125
12,29,After Layer 29,5431.8955078125,9052.80078125
12,30,Before Layer 30,5431.87109375,9052.80078125
12,30,After Layer 30,5431.8955078125,9061.9296875
12,31,Before Layer 31,5431.87109375,9061.9296875
12,31,After Layer 31,5431.8974609375,9061.9296875
12,32,Before Layer 32,5431.873046875,9061.9296875
12,32,After Layer 32,5431.8974609375,9065.0546875
12,33,Before Layer 33,5431.873046875,9065.0546875
12,33,After Layer 33,5431.8974609375,9068.41796875
12,34,Before Layer 34,5431.873046875,9068.421875
12,34,After Layer 34,5431.8974609375,9068.42578125
12,35,Before Layer 35,5431.873046875,9068.43359375
12,35,After Layer 35,5431.8994140625,9074.93359375
12,36,Before Layer 36,5431.875,9074.94921875
12,36,After Layer 36,5431.8994140625,9078.09375
12,37,Before Layer 37,5431.875,9078.10546875
12,37,After Layer 37,5431.8994140625,9084.35546875
12,38,Before Layer 38,5431.875,9084.35546875
12,38,After Layer 38,5431.8994140625,9087.48828125
12,39,Before Layer 39,5431.875,9087.48828125
12,39,After Layer 39,5431.9013671875,9090.42578125
13,0,Before Layer 0,5431.876953125,9090.44140625
13,0,After Layer 0,5431.9013671875,9108.9453125
13,1,Before Layer 1,5431.876953125,9108.9453125
13,1,After Layer 1,5431.9013671875,9118.21484375
13,2,Before Layer 2,5431.876953125,9118.21484375
13,2,After Layer 2,5431.9013671875,9138.65625
13,3,Before Layer 3,5431.876953125,9138.65625
13,3,After Layer 3,5431.9033203125,9143.84375
13,4,Before Layer 4,5431.87890625,9143.84375
13,4,After Layer 4,5431.9033203125,9146.53125
13,5,Before Layer 5,5431.87890625,9146.53125
13,5,After Layer 5,5431.9033203125,9149.171875
13,6,Before Layer 6,5431.87890625,9149.171875
13,6,After Layer 6,5431.9033203125,9153.8671875
13,7,Before Layer 7,5431.87890625,9153.8671875
13,7,After Layer 7,5431.9052734375,9156.55859375
13,8,Before Layer 8,5431.880859375,9156.55859375
13,8,After Layer 8,5431.9052734375,9074.92578125
13,9,Before Layer 9,5431.880859375,9074.92578125
13,9,After Layer 9,5431.9052734375,9084.1875
13,10,Before Layer 10,5431.880859375,9084.1875
13,10,After Layer 10,5431.9052734375,9093.44140625
13,11,Before Layer 11,5431.880859375,9093.44140625
13,11,After Layer 11,5431.9072265625,9109.1953125
13,12,Before Layer 12,5431.8828125,9109.1953125
13,12,After Layer 12,5431.9072265625,9115.48046875
13,13,Before Layer 13,5431.8828125,9115.48046875
13,13,After Layer 13,5431.9072265625,9121.60546875
13,14,Before Layer 14,5431.8828125,9121.60546875
13,14,After Layer 14,5431.9072265625,9121.609375
13,15,Before Layer 15,5431.8828125,9121.609375
13,15,After Layer 15,5431.9091796875,9127.98828125
13,16,Before Layer 16,5431.884765625,9127.98828125
13,16,After Layer 16,5431.9091796875,9130.99609375
13,17,Before Layer 17,5431.884765625,9131.0
13,17,After Layer 17,5431.9091796875,9131.00390625
13,18,Before Layer 18,5431.884765625,9131.0078125
13,18,After Layer 18,5431.9091796875,9134.140625
13,19,Before Layer 19,5431.884765625,9134.14453125
13,19,After Layer 19,5431.9111328125,9140.53125
13,20,Before Layer 20,5431.88671875,9140.53125
13,20,After Layer 20,5431.9111328125,9145.79296875
13,21,Before Layer 21,5431.88671875,9145.796875
13,21,After Layer 21,5431.9111328125,9151.55078125
13,22,Before Layer 22,5431.88671875,9151.55078125
13,22,After Layer 22,5431.9111328125,9158.12890625
13,23,Before Layer 23,5431.88671875,9158.12890625
13,23,After Layer 23,5431.9130859375,9063.97265625
13,24,Before Layer 24,5431.888671875,9063.72265625
13,24,After Layer 24,5431.9130859375,9067.578125
13,25,Before Layer 25,5431.888671875,9067.578125
13,25,After Layer 25,5431.9130859375,9076.83203125
13,26,Before Layer 26,5431.888671875,9076.83203125
13,26,After Layer 26,5431.9130859375,9076.83203125
13,27,Before Layer 27,5431.888671875,9076.83203125
13,27,After Layer 27,5431.9150390625,9083.0234375
13,28,Before Layer 28,5431.890625,9083.0234375
13,28,After Layer 28,5431.9150390625,9089.2734375
13,29,Before Layer 29,5431.890625,9089.2734375
13,29,After Layer 29,5431.9150390625,9095.46875
13,30,Before Layer 30,5431.890625,9095.47265625
13,30,After Layer 30,5431.9150390625,9101.6015625
13,31,Before Layer 31,5431.890625,9101.6015625
13,31,After Layer 31,5431.9169921875,9105.35546875
13,32,Before Layer 32,5431.892578125,9105.35546875
13,32,After Layer 32,5431.9169921875,9112.01953125
13,33,Before Layer 33,5431.892578125,9112.01953125
13,33,After Layer 33,5431.9169921875,9121.51953125
13,34,Before Layer 34,5431.892578125,9121.51953125
13,34,After Layer 34,5431.9169921875,9069.76953125
13,35,Before Layer 35,5431.892578125,9068.6640625
13,35,After Layer 35,5431.9189453125,8989.45703125
13,36,Before Layer 36,5431.89453125,8989.45703125
13,36,After Layer 36,5431.9189453125,8998.83984375
13,37,Before Layer 37,5431.89453125,8998.83984375
13,37,After Layer 37,5431.9189453125,9008.21484375
13,38,Before Layer 38,5431.89453125,9008.21484375
13,38,After Layer 38,5431.9189453125,9014.08984375
13,39,Before Layer 39,5431.89453125,9014.08984375
13,39,After Layer 39,5431.9208984375,9023.66015625
14,0,Before Layer 0,5431.896484375,9023.6796875
14,0,After Layer 0,5431.9208984375,9034.49609375
14,1,Before Layer 1,5431.896484375,9034.5
14,1,After Layer 1,5431.9208984375,9055.25390625
14,2,Before Layer 2,5431.896484375,9055.25390625
14,2,After Layer 2,5431.9208984375,8984.55859375
14,3,Before Layer 3,5431.896484375,8977.05859375
14,3,After Layer 3,5431.9228515625,8960.6796875
14,4,Before Layer 4,5431.8984375,8960.6796875
14,4,After Layer 4,5431.9228515625,8972.94140625
14,5,Before Layer 5,5431.8984375,8972.94140625
14,5,After Layer 5,5431.9228515625,8979.19921875
14,6,Before Layer 6,5431.8984375,8979.203125
14,6,After Layer 6,5431.9228515625,8988.4921875
14,7,Before Layer 7,5431.8984375,8988.49609375
14,7,After Layer 7,5431.9248046875,8998.06640625
14,8,Before Layer 8,5431.900390625,8998.06640625
14,8,After Layer 8,5431.9248046875,9007.390625
14,9,Before Layer 9,5431.900390625,9007.390625
14,9,After Layer 9,5431.9248046875,9013.640625
14,10,Before Layer 10,5431.900390625,9013.640625
14,10,After Layer 10,5431.9248046875,9022.76953125
14,11,Before Layer 11,5431.900390625,9022.76953125
14,11,After Layer 11,5431.9267578125,9028.9609375
14,12,Before Layer 12,5431.90234375,9028.96484375
14,12,After Layer 12,5431.9267578125,9035.09765625
14,13,Before Layer 13,5431.90234375,9035.1015625
14,13,After Layer 13,5431.9267578125,9038.234375
14,14,Before Layer 14,5431.90234375,9038.234375
14,14,After Layer 14,5431.9267578125,9053.7734375
14,15,Before Layer 15,5431.90234375,9053.77734375
14,15,After Layer 15,5431.9287109375,9059.96484375
14,16,Before Layer 16,5431.904296875,9059.96484375
14,16,After Layer 16,5431.9287109375,9065.96875
14,17,Before Layer 17,5431.904296875,9065.96875
14,17,After Layer 17,5431.9287109375,9075.4140625
14,18,Before Layer 18,5431.904296875,9075.4140625
14,18,After Layer 18,5431.9287109375,8968.96484375
14,19,Before Layer 19,5431.904296875,8968.96484375
14,19,After Layer 19,5431.9306640625,8978.5390625
14,20,Before Layer 20,5431.90625,8978.5390625
14,20,After Layer 20,5431.9306640625,8993.91796875
14,21,Before Layer 21,5431.90625,8993.91796875
14,21,After Layer 21,5431.9306640625,8997.05078125
14,22,Before Layer 22,5431.90625,8997.05078125
14,22,After Layer 22,5431.9306640625,9009.17578125
14,23,Before Layer 23,5431.90625,9009.17578125
14,23,After Layer 23,5431.9326171875,9021.05078125
14,24,Before Layer 24,5431.908203125,9021.05078125
14,24,After Layer 24,5431.9326171875,9027.18359375
14,25,Before Layer 25,5431.908203125,9027.1875
14,25,After Layer 25,5431.9326171875,9036.4453125
14,26,Before Layer 26,5431.908203125,9036.44921875
14,26,After Layer 26,5431.9326171875,9045.4609375
14,27,Before Layer 27,5431.908203125,9045.4609375
14,27,After Layer 27,5431.9345703125,9045.4765625
14,28,Before Layer 28,5431.91015625,9045.4765625
14,28,After Layer 28,5431.9345703125,9054.73046875
14,29,Before Layer 29,5431.91015625,9054.73046875
14,29,After Layer 29,5431.9345703125,9057.85546875
14,30,Before Layer 30,5431.91015625,9057.85546875
14,30,After Layer 30,5431.9345703125,9063.92578125
14,31,Before Layer 31,5431.91015625,9063.9296875
14,31,After Layer 31,5431.9365234375,9067.125
14,32,Before Layer 32,5431.912109375,9067.12890625
14,32,After Layer 32,5431.9365234375,9070.6328125
14,33,Before Layer 33,5431.912109375,9070.6328125
14,33,After Layer 33,5431.9365234375,9071.1171875
14,34,Before Layer 34,5431.912109375,9071.1171875
14,34,After Layer 34,5431.9365234375,9073.50390625
14,35,Before Layer 35,5431.912109375,9073.515625
14,35,After Layer 35,5431.9384765625,9074.7265625
14,36,Before Layer 36,5431.9140625,9074.73828125
14,36,After Layer 36,5431.9384765625,9066.859375
14,37,Before Layer 37,5431.9140625,9061.62109375
14,37,After Layer 37,5431.9384765625,8992.21484375
14,38,Before Layer 38,5431.9140625,8992.23046875
14,38,After Layer 38,5431.9384765625,8995.23046875
14,39,Before Layer 39,5431.9140625,8995.23046875
14,39,After Layer 39,5431.9404296875,8995.23828125
